"CampaignCriterion report (May 25, 2026 - June 23, 2026)"
Request Id: 966785de-38ce-3dab-2643-30eb14321d72

Status,Company,Delivery,Campaign,Bid Adjustment,Targeting setting,Top impr. rate,Abs. top impr. rate,ID
Active,Cushman & Wakefield,Eligible,[V4] [BING] [AQ] B2B Commercial Cleaning NJ NY,0%,BidOnly,0%,0%,806340433
Active,JLL,Eligible,[V4] [BING] [AQ] B2B Commercial Cleaning NJ NY,0%,BidOnly,0%,0%,806338669
Filtered total,-,-,-,-,-,0%,0%,-
Other Total,-,-,-,-,-,0%,0%,-
Predictive targeting total,-,-,-,-,-,0%,0%,-
Total,-,-,-,-,-,0%,0%,-
