"Address","Content Type","Status Code","Status","Indexability","Indexability Status","Crawl Timestamp"
"https://lolaaviamentos.com.br/","text/html; charset=UTF-8","200","OK","Non-Indexable","Canonicalised","2026-07-23 13:55:06"
"https://lolaaviamentos.com.br/entretela-de-memoria/cinza/","text/html; charset=UTF-8","200","OK","Non-Indexable","Canonicalised","2026-07-23 13:55:11"
"https://lolaaviamentos.com.br/insumos-para-bones/regulador-plastico/","text/html; charset=UTF-8","200","OK","Non-Indexable","Canonicalised","2026-07-23 13:55:11"
"https://www.lolaaviamentos.com.br/produtos/filme-plastico-magico-para-bordado-45g/","text/html; charset=UTF-8","200","OK","Indexable","","2026-07-23 13:55:11"
"https://lolaaviamentos.com.br/produtos/entretela-para-bordado-rasgavel-40g-90cm-200m/","text/html; charset=UTF-8","200","OK","Non-Indexable","Canonicalised","2026-07-23 13:55:11"
"https://www.lolaaviamentos.com.br/produtos/fita-magica/","text/html; charset=UTF-8","200","OK","Indexable","","2026-07-23 13:55:12"
"https://www.lolaaviamentos.com.br/empresa/","text/html; charset=UTF-8","200","OK","Indexable","","2026-07-23 13:55:13"
"https://lolaaviamentos.com.br/insumos-para-bones/suede1/","text/html; charset=UTF-8","200","OK","Non-Indexable","Canonicalised","2026-07-23 13:55:13"
"https://lolaaviamentos.com.br/bordado1/toque-macio/","text/html; charset=UTF-8","200","OK","Non-Indexable","Canonicalised","2026-07-23 13:55:13"
"https://lolaaviamentos.com.br/acessorios/","text/html; charset=UTF-8","200","OK","Non-Indexable","Canonicalised","2026-07-23 13:55:14"
"https://lolaaviamentos.com.br/entretela-alfaiataria/termocolante1/","text/html; charset=UTF-8","200","OK","Non-Indexable","Canonicalised","2026-07-23 13:55:14"
"https://www.lolaaviamentos.com.br/produtos/tela-de-poliester-mesh-7dmsd/","text/html; charset=UTF-8","200","OK","Indexable","","2026-07-23 13:55:14"
"https://www.lolaaviamentos.com.br/produtos/entretela-dupla-face-90cm-50m/","text/html; charset=UTF-8","200","OK","Indexable","","2026-07-23 13:55:14"
"https://www.lolaaviamentos.com.br/politica_privacidade/","text/html; charset=UTF-8","200","OK","Indexable","","2026-07-23 13:55:15"
"https://lolaaviamentos.com.br/produtos/","text/html; charset=UTF-8","200","OK","Non-Indexable","Canonicalised","2026-07-23 13:55:15"
"https://lolaaviamentos.com.br/produtos/kit-fita-dupla-face-19mm-x-30m-fd-01/","text/html; charset=UTF-8","200","OK","Non-Indexable","Canonicalised","2026-07-23 13:55:15"
"https://www.lolaaviamentos.com.br/produtos/tecido-suede-160g/","text/html; charset=UTF-8","200","OK","Indexable","","2026-07-23 13:55:16"
"https://lolaaviamentos.com.br/contato/","text/html; charset=UTF-8","200","OK","Non-Indexable","Canonicalised","2026-07-23 13:55:16"
"https://www.lolaaviamentos.com.br/produtos/entretela-para-bordado-toque-macio-40g-90cm-100m/","text/html; charset=UTF-8","200","OK","Indexable","","2026-07-23 13:55:16"
"https://www.lolaaviamentos.com.br/entretela-de-memoria/","text/html; charset=UTF-8","200","OK","Indexable","","2026-07-23 13:55:17"
"https://www.lolaaviamentos.com.br/bordado1/","text/html; charset=UTF-8","200","OK","Indexable","","2026-07-23 13:55:17"
"https://lolaaviamentos.com.br/entretela-de-memoria/branca/","text/html; charset=UTF-8","200","OK","Non-Indexable","Canonicalised","2026-07-23 13:55:18"
"https://lolaaviamentos.com.br/liquidacao/","text/html; charset=UTF-8","200","OK","Non-Indexable","Canonicalised","2026-07-23 13:55:17"
"https://lolaaviamentos.com.br/entretela-alfaiataria/tnt-termocolante/","text/html; charset=UTF-8","200","OK","Non-Indexable","Canonicalised","2026-07-23 13:55:18"
"https://www.lolaaviamentos.com.br/produtos/filme-hidrossoluvel-para-bordado-40g-fh-10-15sed/","text/html; charset=UTF-8","200","OK","Indexable","","2026-07-23 13:55:18"
"https://lolaaviamentos.com.br/insumos-para-bones/tela/","text/html; charset=UTF-8","200","OK","Non-Indexable","Canonicalised","2026-07-23 13:55:18"
"https://lolaaviamentos.com.br/entretela-alfaiataria/tecido-plano/","text/html; charset=UTF-8","200","OK","Non-Indexable","Canonicalised","2026-07-23 13:55:19"
"https://lolaaviamentos.com.br/bordado1/","text/html; charset=UTF-8","200","OK","Non-Indexable","Canonicalised","2026-07-23 13:55:19"
"https://lolaaviamentos.com.br/insumos-para-bones/vies1/","text/html; charset=UTF-8","200","OK","Non-Indexable","Canonicalised","2026-07-23 13:55:19"
"https://www.lolaaviamentos.com.br/","text/html; charset=UTF-8","200","OK","Indexable","","2026-07-23 13:55:20"
"https://lolaaviamentos.com.br/entretela-alfaiataria/entretelas-de-malha/","text/html; charset=UTF-8","200","OK","Non-Indexable","Canonicalised","2026-07-23 13:55:20"
"https://lolaaviamentos.com.br/insumos-para-bones/aba-plastica/","text/html; charset=UTF-8","200","OK","Non-Indexable","Canonicalised","2026-07-23 13:55:21"
"https://lolaaviamentos.com.br/entretela-alfaiataria/algodao/","text/html; charset=UTF-8","200","OK","Non-Indexable","Canonicalised","2026-07-23 13:55:21"
"https://lolaaviamentos.com.br/entretela-alfaiataria/","text/html; charset=UTF-8","200","OK","Non-Indexable","Canonicalised","2026-07-23 13:55:21"
"https://www.lolaaviamentos.com.br/produtos/entretela-de-tnt-micro-ponto-termocolante-70g-lab-407-408/","text/html; charset=UTF-8","200","OK","Indexable","","2026-07-23 13:55:21"
"https://lolaaviamentos.com.br/bordado1/filmes/","text/html; charset=UTF-8","200","OK","Non-Indexable","Canonicalised","2026-07-23 13:55:22"
"https://lolaaviamentos.com.br/insumos-para-bones/","text/html; charset=UTF-8","200","OK","Non-Indexable","Canonicalised","2026-07-23 13:55:22"
"https://lolaaviamentos.com.br/produtos/tela-de-poliester-mesh-7dmsd/","text/html; charset=UTF-8","200","OK","Non-Indexable","Canonicalised","2026-07-23 13:55:22"
"https://lolaaviamentos.com.br/bordado1/termocolante/","text/html; charset=UTF-8","200","OK","Non-Indexable","Canonicalised","2026-07-23 13:55:23"
"https://www.lolaaviamentos.com.br/insumos-para-bones/","text/html; charset=UTF-8","200","OK","Indexable","","2026-07-23 13:55:23"
"https://www.lolaaviamentos.com.br/produtos/entretela-de-tnt-micro-ponto-termocolante-60g-lab-409-410/","text/html; charset=UTF-8","200","OK","Indexable","","2026-07-23 13:55:24"
"https://lolaaviamentos.com.br/bordado1/hidrossoluvel/","text/html; charset=UTF-8","200","OK","Non-Indexable","Canonicalised","2026-07-23 13:55:24"
"https://www.lolaaviamentos.com.br/produtos/tela-de-poliester-105g-155-100m/","text/html; charset=UTF-8","200","OK","Indexable","","2026-07-23 13:55:24"
"https://www.lolaaviamentos.com.br/trocas-devolucoes/","text/html; charset=UTF-8","200","OK","Indexable","","2026-07-23 13:55:25"
"https://lolaaviamentos.com.br/cdn-cgi/scripts/5c5dd728/cloudflare-static/email-decode.min.js","application/javascript","200","OK","Indexable","","2026-07-23 13:55:26"
"https://www.lolaaviamentos.com.br/produtos/regulador-plastico-para-bone-1000-un/","text/html; charset=UTF-8","200","OK","Indexable","","2026-07-23 13:55:25"
"https://lolaaviamentos.com.br/bordado1/rasgo-facil/","text/html; charset=UTF-8","200","OK","Non-Indexable","Canonicalised","2026-07-23 13:55:25"
"https://lolaaviamentos.com.br/entretela-de-memoria/preta/","text/html; charset=UTF-8","200","OK","Non-Indexable","Canonicalised","2026-07-23 13:55:26"
"https://lolaaviamentos.com.br/maquinas-acessorios/","text/html; charset=UTF-8","200","OK","Non-Indexable","Canonicalised","2026-07-23 13:55:26"
"https://www.lolaaviamentos.com.br/entretela-alfaiataria/","text/html; charset=UTF-8","200","OK","Indexable","","2026-07-23 13:55:26"
"https://lolaaviamentos.com.br/produtos/entretelas-tecido-de-algodao-termocolante-etp-15m-x-100m/","text/html; charset=UTF-8","200","OK","Non-Indexable","Canonicalised","2026-07-23 13:55:26"
"https://www.lolaaviamentos.com.br/produtos/https-www-lolaaviamentos-com-br-acessorios/","text/html; charset=UTF-8","200","OK","Indexable","","2026-07-23 13:55:27"
"https://www.lolaaviamentos.com.br/produtos/botao-de-forrar-encapar-para-bone-15mm-1000un/","text/html; charset=UTF-8","200","OK","Indexable","","2026-07-23 13:55:27"
"https://www.lolaaviamentos.com.br/produtos/entretela-hidrossoluvel-para-bordado-60g-52cm-25m/","text/html; charset=UTF-8","200","OK","Indexable","","2026-07-23 13:55:27"
"https://lolaaviamentos.com.br/entretela-de-memoria/","text/html; charset=UTF-8","200","OK","Non-Indexable","Canonicalised","2026-07-23 13:55:30"
"https://www.lolaaviamentos.com.br/entretela-de-memoria/cinza/","text/html; charset=UTF-8","200","OK","Indexable","","2026-07-23 13:55:30"
"https://www.lolaaviamentos.com.br/produtos/entretela-cavalinho-de-memoria-termocolante-cinza-285g-16-100m/","text/html; charset=UTF-8","200","OK","Indexable","","2026-07-23 13:55:30"
"https://www.lolaaviamentos.com.br/produtos/entretela-cavalinho-de-memoria-termocolante-cinza-330g/","text/html; charset=UTF-8","200","OK","Indexable","","2026-07-23 13:55:30"
"https://www.lolaaviamentos.com.br/insumos-para-bones/regulador-plastico/","text/html; charset=UTF-8","200","OK","Indexable","","2026-07-23 13:55:30"
"https://www.lolaaviamentos.com.br/cdn-cgi/scripts/5c5dd728/cloudflare-static/email-decode.min.js","application/javascript","200","OK","Indexable","","2026-07-23 13:55:31"
"https://www.lolaaviamentos.com.br/bordado1/filmes/","text/html; charset=UTF-8","200","OK","Indexable","","2026-07-23 13:55:31"
"https://www.lolaaviamentos.com.br/bordado1/hidrossoluvel/","text/html; charset=UTF-8","200","OK","Indexable","","2026-07-23 13:55:31"
"https://www.lolaaviamentos.com.br/bordado1/toque-macio/","text/html; charset=UTF-8","200","OK","Indexable","","2026-07-23 13:55:31"
"https://www.lolaaviamentos.com.br/entretela-alfaiataria/tecido-plano/","text/html; charset=UTF-8","200","OK","Indexable","","2026-07-23 13:55:32"
"https://www.lolaaviamentos.com.br/bordado1/termocolante/","text/html; charset=UTF-8","200","OK","Indexable","","2026-07-23 13:55:32"
"https://www.lolaaviamentos.com.br/maquinas-acessorios/","text/html; charset=UTF-8","200","OK","Indexable","","2026-07-23 13:55:32"
"https://www.lolaaviamentos.com.br/insumos-para-bones/tela/","text/html; charset=UTF-8","200","OK","Indexable","","2026-07-23 13:55:32"
"https://www.lolaaviamentos.com.br/bordado1/rasgo-facil/","text/html; charset=UTF-8","200","OK","Indexable","","2026-07-23 13:55:32"
"https://www.lolaaviamentos.com.br/acessorios/","text/html; charset=UTF-8","200","OK","Indexable","","2026-07-23 13:55:33"
"https://www.lolaaviamentos.com.br/produtos/","text/html; charset=UTF-8","200","OK","Indexable","","2026-07-23 13:55:32"
"https://www.lolaaviamentos.com.br/entretela-de-memoria/branca/","text/html; charset=UTF-8","200","OK","Indexable","","2026-07-23 13:55:33"
"https://www.lolaaviamentos.com.br/entretela-alfaiataria/entretelas-de-malha/","text/html; charset=UTF-8","200","OK","Indexable","","2026-07-23 13:55:33"
"https://www.lolaaviamentos.com.br/entretela-alfaiataria/tnt-termocolante/","text/html; charset=UTF-8","200","OK","Indexable","","2026-07-23 13:55:34"
"https://www.lolaaviamentos.com.br/contato/","text/html; charset=UTF-8","200","OK","Indexable","","2026-07-23 13:55:34"
"https://www.lolaaviamentos.com.br/liquidacao/","text/html; charset=UTF-8","200","OK","Indexable","","2026-07-23 13:55:34"
"https://www.lolaaviamentos.com.br/entretela-de-memoria/preta/","text/html; charset=UTF-8","200","OK","Indexable","","2026-07-23 13:55:35"
"https://www.lolaaviamentos.com.br/insumos-para-bones/suede1/","text/html; charset=UTF-8","200","OK","Indexable","","2026-07-23 13:55:35"
"https://www.lolaaviamentos.com.br/entretela-alfaiataria/termocolante1/","text/html; charset=UTF-8","200","OK","Indexable","","2026-07-23 13:55:35"
"https://www.lolaaviamentos.com.br/entretela-alfaiataria/algodao/","text/html; charset=UTF-8","200","OK","Indexable","","2026-07-23 13:55:35"
"https://www.lolaaviamentos.com.br/insumos-para-bones/aba-plastica/","text/html; charset=UTF-8","200","OK","Indexable","","2026-07-23 13:55:35"
"https://www.lolaaviamentos.com.br/insumos-para-bones/vies1/","text/html; charset=UTF-8","200","OK","Indexable","","2026-07-23 13:55:35"
"https://www.lolaaviamentos.com.br/produtos/filme-papel-termocolante-definitivo-para-patchwork-48cm-5m/","text/html; charset=UTF-8","200","OK","Indexable","","2026-07-23 13:55:35"
"https://www.lolaaviamentos.com.br/produtos/entretela-para-bordado-rasgavel-40g-90cm-200m/","text/html; charset=UTF-8","200","OK","Indexable","","2026-07-23 13:55:36"
"https://www.lolaaviamentos.com.br/produtos/entretela-para-bordado-rasgavel-90g-90cm-200m/","text/html; charset=UTF-8","200","OK","Indexable","","2026-07-23 13:55:36"
"https://www.lolaaviamentos.com.br/produtos/entretela-para-bordado-rasgavel-30g-90cm-200m/","text/html; charset=UTF-8","200","OK","Indexable","","2026-07-23 13:55:36"
"https://www.lolaaviamentos.com.br/produtos/entretela-nao-tecido-para-bordado-toque-macio-rasgavel-60g-lef-60/","text/html; charset=UTF-8","200","OK","Indexable","","2026-07-23 13:55:36"
"https://www.lolaaviamentos.com.br/produtos/entretela-para-bordado-rasgavel-50g-90cm-200m/","text/html; charset=UTF-8","200","OK","Indexable","","2026-07-23 13:55:36"
"https://www.lolaaviamentos.com.br/produtos/entretela-para-bordado-preta-rasgavel-40g-90cm-200m/","text/html; charset=UTF-8","200","OK","Indexable","","2026-07-23 13:55:37"
"https://www.lolaaviamentos.com.br/produtos/entretela-para-bordado-toque-macio-rasgavel-40g-90cmx-200m/","text/html; charset=UTF-8","200","OK","Indexable","","2026-07-23 13:55:37"
"https://www.lolaaviamentos.com.br/produtos/entretela-nao-tecido-para-bordado-rasgavel-70g-lec-70/","text/html; charset=UTF-8","200","OK","Indexable","","2026-07-23 13:55:38"
"https://www.lolaaviamentos.com.br/produtos/entretela-termocolante-de-toque-macio-30g-90cm-100m/","text/html; charset=UTF-8","200","OK","Indexable","","2026-07-23 13:55:38"
"https://www.lolaaviamentos.com.br/produtos/entretela-para-bordado-toque-macio-30g-90cm-100m/","text/html; charset=UTF-8","200","OK","Indexable","","2026-07-23 13:55:38"
"https://www.lolaaviamentos.com.br/produtos/entretela-termocolante-de-toque-macio-20g-90cm-100m/","text/html; charset=UTF-8","200","OK","Indexable","","2026-07-23 13:55:39"
"https://www.lolaaviamentos.com.br/produtos/entretela-termocolante-de-toque-macio-40g-90cm-100m/","text/html; charset=UTF-8","200","OK","Indexable","","2026-07-23 13:55:39"
"https://www.lolaaviamentos.com.br/produtos/entretela-nao-tecido-para-bordado-toque-macio-50g-lepo-50/","text/html; charset=UTF-8","200","OK","Indexable","","2026-07-23 13:55:39"
"https://www.lolaaviamentos.com.br/produtos/entretela-termocolante-de-toque-macio-60g-90cm-100m/","text/html; charset=UTF-8","200","OK","Indexable","","2026-07-23 13:55:39"
"https://www.lolaaviamentos.com.br/produtos/entretela-termocolante-de-toque-macio-50g-90cm-x-100m/","text/html; charset=UTF-8","200","OK","Indexable","","2026-07-23 13:55:40"
"https://www.lolaaviamentos.com.br/produtos/entretela-para-bordado-toque-macio-20g-90cm-100m/","text/html; charset=UTF-8","200","OK","Indexable","","2026-07-23 13:55:40"
"https://www.lolaaviamentos.com.br/produtos/entretela-nao-tecido-para-bordado-toque-macio-60g-lepo-60/","text/html; charset=UTF-8","200","OK","Indexable","","2026-07-23 13:55:40"
"https://www.lolaaviamentos.com.br/produtos/case-para-bones/","text/html; charset=UTF-8","200","OK","Indexable","","2026-07-23 13:55:40"
"https://www.lolaaviamentos.com.br/produtos/medidor-de-circunferencia-para-bones/","text/html; charset=UTF-8","200","OK","Indexable","","2026-07-23 13:55:40"
"https://www.lolaaviamentos.com.br/produtos/cortador-amostras/","text/html; charset=UTF-8","200","OK","Indexable","","2026-07-23 13:55:41"
"https://www.lolaaviamentos.com.br/produtos/tela-de-poliester-ltn-130g-155-x-100m1/","text/html; charset=UTF-8","200","OK","Indexable","","2026-07-23 13:55:42"
"https://www.lolaaviamentos.com.br/produtos/entretela-de-malha-termocolante-60g-lab-203-204/","text/html; charset=UTF-8","200","OK","Indexable","","2026-07-23 13:55:43"
"https://www.lolaaviamentos.com.br/filme/","text/html; charset=UTF-8","200","OK","Indexable","","2026-07-23 13:55:43"
"https://www.lolaaviamentos.com.br/produtos/entretela-de-malha-termocolante-40g-lab-501-502/","text/html; charset=UTF-8","200","OK","Indexable","","2026-07-23 13:55:43"
"https://www.lolaaviamentos.com.br/https-www-lolaaviamentos-com-br-produtos-filme-plastico-magico-para-bordado-45g/","text/html; charset=UTF-8","200","OK","Indexable","","2026-07-23 13:55:43"
"https://www.lolaaviamentos.com.br/produtos/vies-tecido-fosco-preto-20mm-6000m/","text/html; charset=UTF-8","200","OK","Indexable","","2026-07-23 13:55:43"
"https://www.lolaaviamentos.com.br/produtos/botao-de-forrar-encapar-para-bone-13mm-1000un/","text/html; charset=UTF-8","200","OK","Indexable","","2026-07-23 13:55:44"
"https://www.lolaaviamentos.com.br/produtos/vies-tecido-fosco-preto-27mm-6000m/","text/html; charset=UTF-8","200","OK","Indexable","","2026-07-23 13:55:44"
"https://www.lolaaviamentos.com.br/produtos/aba-plastica-para-bone-curva-20kg-ab-80/","text/html; charset=UTF-8","200","OK","Indexable","","2026-07-23 13:55:44"
"https://www.lolaaviamentos.com.br/produtos/aba-plastica-para-bone-curva-196kg-ab-60/","text/html; charset=UTF-8","200","OK","Indexable","","2026-07-23 13:55:44"
"https://www.lolaaviamentos.com.br/produtos/kit-fita-dupla-face-19mm-x-30m-fd-01/","text/html; charset=UTF-8","200","OK","Indexable","","2026-07-23 13:55:44"
"https://www.lolaaviamentos.com.br/produtos/entretela-cavalinho-de-memoria-termocolante-branca-285g-16-100m/","text/html; charset=UTF-8","200","OK","Indexable","","2026-07-23 13:55:46"
"https://www.lolaaviamentos.com.br/produtos/entretela-cavalinho-de-memoria-termocolante-preta-290g-16-x-100m/","text/html; charset=UTF-8","200","OK","Indexable","","2026-07-23 13:55:46"
"https://www.lolaaviamentos.com.br/produtos/entretela-cavalinho-de-memoria-termocolante-branca-270g-16-100m/","text/html; charset=UTF-8","200","OK","Indexable","","2026-07-23 13:55:46"
"https://www.lolaaviamentos.com.br/produtos/entretela-cavalinho-de-memoria-branca-235g-sem-cola/","text/html; charset=UTF-8","200","OK","Indexable","","2026-07-23 13:55:46"
"https://www.lolaaviamentos.com.br/produtos/entretela-cavalinho-de-memoria-termocolante-branca-220g-15-100m/","text/html; charset=UTF-8","200","OK","Indexable","","2026-07-23 13:55:46"
"https://www.lolaaviamentos.com.br/produtos/entretelas-tecido-de-algodao-termocolante-etp-15m-x-100m/","text/html; charset=UTF-8","200","OK","Indexable","","2026-07-23 13:55:47"
"https://www.lolaaviamentos.com.br/produtos/entretela-de-tnt-micro-ponto-termocolante-30g-lab-401-402/","text/html; charset=UTF-8","200","OK","Indexable","","2026-07-23 13:55:47"
"https://www.lolaaviamentos.com.br/produtos/entretela-de-tnt-micro-ponto-termocolante-40g-lab-403-404/","text/html; charset=UTF-8","200","OK","Indexable","","2026-07-23 13:55:47"
"https://www.lolaaviamentos.com.br/produtos/entretela-de-tnt-micro-ponto-termocolante-50g-lab-405-406/","text/html; charset=UTF-8","200","OK","Indexable","","2026-07-23 13:55:47"
"https://www.lolaaviamentos.com.br/produtos/entretela-hidrossoluvel-para-bordado-40g-157-100m/","text/html; charset=UTF-8","200","OK","Indexable","","2026-07-23 13:55:48"
"https://www.lolaaviamentos.com.br/produtos/entretela-de-tecido-plano-termocolante-30g-lab-101-102/","text/html; charset=UTF-8","200","OK","Indexable","","2026-07-23 13:55:48"
"https://www.lolaaviamentos.com.br/produtos/entretela-de-tecido-plano-termocolante-60g-lab-601-602/","text/html; charset=UTF-8","200","OK","Indexable","","2026-07-23 13:55:48"
"https://www.lolaaviamentos.com.br/produtos/vies-tecido-fosco-55mm-carneira-18ql1/","text/html; charset=UTF-8","200","OK","Indexable","","2026-07-23 13:55:49"
"https://www.lolaaviamentos.com.br/produtos/entretela-de-malha-termocolante-45g-lab-701-702/","text/html; charset=UTF-8","200","OK","Indexable","","2026-07-23 13:55:49"
"https://www.lolaaviamentos.com.br/produtos/entretela-de-malha-termocolante-60g-lab-503-504/","text/html; charset=UTF-8","200","OK","Indexable","","2026-07-23 13:55:49"
"https://www.lolaaviamentos.com.br/produtos/entretela-de-malha-termocolante-40g-150m-x-100m1/","text/html; charset=UTF-8","200","OK","Indexable","","2026-07-23 13:55:49"
"https://www.lolaaviamentos.com.br/produtos/entretela-de-malha-termocolante-60g-160m-x-100m1/","text/html; charset=UTF-8","200","OK","Indexable","","2026-07-23 13:55:50"
"https://www.lolaaviamentos.com.br/produtos/entretela-de-malha-termocolante-40g-lab-201-202/","text/html; charset=UTF-8","200","OK","Indexable","","2026-07-23 13:55:50"
"https://www.lolaaviamentos.com.br/produtos/entretela-de-malha-termocolante-80g-lab-901-902/","text/html; charset=UTF-8","200","OK","Indexable","","2026-07-23 13:55:50"
"https://www.lolaaviamentos.com.br/produtos/aba-plastica-para-bone-curva-20kg-ab-230/","text/html; charset=UTF-8","200","OK","Indexable","","2026-07-23 13:55:50"
"https://www.lolaaviamentos.com.br/produtos/aba-plastica-para-bone-curva-196kg-ab-50/","text/html; charset=UTF-8","200","OK","Indexable","","2026-07-23 13:55:50"
"https://www.lolaaviamentos.com.br/produtos/maquina-de-pregar-botao-automatica-bp-1000/","text/html; charset=UTF-8","200","OK","Indexable","","2026-07-23 13:55:52"
"https://www.lolaaviamentos.com.br/produtos/botao-de-forrar-encapar-para-bone-15mm-1-000un-1rtwf/","text/html; charset=UTF-8","200","OK","Indexable","","2026-07-23 13:55:52"
"https://www.lolaaviamentos.com.br/produtos/maquina-de-dublagem-de-bones-por-moldes-hpw-2/","text/html; charset=UTF-8","200","OK","Indexable","","2026-07-23 13:55:52"
"https://www.lolaaviamentos.com.br/produtos/maquina-manual-de-coformar-bones/","text/html; charset=UTF-8","200","OK","Indexable","","2026-07-23 13:55:52"
"https://www.lolaaviamentos.com.br/produtos/maquina-de-conformar-bones/","text/html; charset=UTF-8","200","OK","Indexable","","2026-07-23 13:55:52"
"https://www.lolaaviamentos.com.br/produtos/maquina-transfer-mt-1500/","text/html; charset=UTF-8","200","OK","Indexable","","2026-07-23 13:55:53"
"https://www.lolaaviamentos.com.br/produtos/base-maquina-transfer-mt-1500/","text/html; charset=UTF-8","200","OK","Indexable","","2026-07-23 13:55:53"
"https://www.lolaaviamentos.com.br/produtos/maquina-de-encapar-botao-semi/","text/html; charset=UTF-8","200","OK","Indexable","","2026-07-23 13:55:53"
"https://www.lolaaviamentos.com.br/produtos/maquina-de-passadoria/","text/html; charset=UTF-8","200","OK","Indexable","","2026-07-23 13:55:53"
"https://www.lolaaviamentos.com.br/produtos/maquina-de-costura-na-aba-reta-automatica-filigrana-mca-2500/","text/html; charset=UTF-8","200","OK","Indexable","","2026-07-23 13:55:53"
