"Address","Content Type","Size (bytes)","IMG Inlinks","Indexability","Indexability Status","Dimensions"
"https://acdn-us.mitiendanube.com/stores/001/720/481/themes/amazonas/1-slide-1783709329598-6573094681-7010c5c1da82c996fb2feb1904f8d48a1783709331-50-0.jpg?7205137863153193245","image/jpeg","10248","2","Indexable","",""
"https://acdn-us.mitiendanube.com/stores/001/720/481/themes/amazonas/img-391723470-1627933511-1e23742522559f43236d08b5f9e02aba1627933511.jpg?7205137863153193245","image/jpeg","286834","2","Indexable","",""
"https://acdn-us.mitiendanube.com/stores/001/720/481/themes/amazonas/1-slide-1783709329598-6270161573-a40af346234cf173b859cb31abc311871783709331-50-0.jpg?7205137863153193245","image/jpeg","9748","2","Indexable","",""
"https://acdn-us.mitiendanube.com/stores/001/720/481/themes/amazonas/2-img-1885761758-1755450160-6fab3d43aa6d4ab69d0ae788fa6e258d1755450160-50-0.webp?7205137863153193245","image/webp","5172","2","Indexable","",""
"https://acdn-us.mitiendanube.com/stores/001/720/481/themes/amazonas/2-img-696429953-1755630158-98e6ef0cb853e9dd834af002b9c1c1681755630158-50-0.webp?7205137863153193245","image/webp","4672","2","Indexable","",""
"https://acdn-us.mitiendanube.com/stores/001/720/481/themes/common/logo-2381817-1754682754-c325014e3710438c242fa3453bf903381754682754-480-0.webp","image/webp","4640","142","Indexable","",""
"https://acdn-us.mitiendanube.com/stores/001/720/481/themes/amazonas/2-slide-1783708202460-7727552480-7e1ac3f18b8200661a9e9f300e7535461783708203-50-0.webp?7205137863153193245","image/webp","3960","2","Indexable","",""
"https://acdn-us.mitiendanube.com/stores/001/720/481/themes/amazonas/1-slide-1783709329598-6411602591-e4ac87b3c23816facb9dbd22e09246bc1783709330-480-0.jpg?7205137863153193245","image/jpeg","261435","2","Indexable","",""
"https://acdn-us.mitiendanube.com/stores/001/720/481/themes/amazonas/img-260296815-1627933359-6e74acabddef03a0d1ee7927e3273e861627933360.jpg?7205137863153193245","image/jpeg","276297","2","Indexable","",""
"https://acdn-us.mitiendanube.com/stores/001/720/481/themes/amazonas/2-slide-1783708202461-2055788799-7f29420d1d751bf6d8b87e8f4a294b941783708205-50-0.webp?7205137863153193245","image/webp","3912","2","Indexable","",""
"https://acdn-us.mitiendanube.com/stores/001/720/481/themes/amazonas/img-1934853781-1627933308-585854e129e5d45dc818ec68e3aa9fdb1627933309.jpg?7205137863153193245","image/jpeg","282517","2","Indexable","",""
"https://acdn-us.mitiendanube.com/stores/001/720/481/themes/amazonas/1-slide-1783709329598-2992253561-d708e498b380efcebf75c99487ebad7b1783709332-50-0.jpg?7205137863153193245","image/jpeg","10389","2","Indexable","",""
"https://acdn-us.mitiendanube.com/stores/001/720/481/themes/amazonas/2-slide-1783708202460-4537597006-1656e4f1a743be767368c13e7c6be9651783708204-50-0.webp?7205137863153193245","image/webp","3926","2","Indexable","",""
"https://acdn-us.mitiendanube.com/stores/001/720/481/themes/amazonas/2-slide-1783708202461-6248533355-a402b9427e51d5f4f62ad8fbfe1bee5b1783708204-50-0.webp?7205137863153193245","image/webp","3886","2","Indexable","",""
"https://acdn-us.mitiendanube.com/assets/themes/amazonas/static/images/empty-placeholder.png","image/png","81","2475","Indexable","",""
"https://acdn-us.mitiendanube.com/stores/001/720/481/themes/amazonas/1-slide-1783709329598-6950546711-1ce81a992ac35150d59d34fdc603cc101783709332-50-0.jpg?7205137863153193245","image/jpeg","10133","2","Indexable","",""
"https://acdn-us.mitiendanube.com/stores/001/720/481/themes/amazonas/2-img-316853914-1756140379-18a2f756c7b644f300d6fb652d5cbb571756140379-50-0.webp?7205137863153193245","image/webp","4488","2","Indexable","",""
"https://acdn-us.mitiendanube.com/stores/001/720/481/themes/amazonas/2-slide-1783708202461-7931737028-6f05b2009d070575059bb356f5e2774a1783708205-50-0.webp?7205137863153193245","image/webp","3836","2","Indexable","",""
"https://acdn-us.mitiendanube.com/stores/001/720/481/products/etp-01-ded245459e1df7345c17564917484542-1024-1024.webp","image/webp","69674","0","Indexable","",""
"https://acdn-us.mitiendanube.com/stores/001/720/481/products/laf-60-0fbca2bab64dfa400217550025549134-50-0.webp","image/webp","3640","2","Indexable","",""
"https://acdn-us.mitiendanube.com/stores/001/720/481/products/laf-60-0fbca2bab64dfa400217550025549134-1024-1024.webp","image/webp","32478","0","Indexable","",""
"https://acdn-us.mitiendanube.com/stores/001/720/481/products/botao-de-encapar-garra-5-bb02a8d2f6846202cb17537327102127-1024-1024.webp","image/webp","19174","0","Indexable","",""
"https://acdn-us.mitiendanube.com/stores/001/720/481/products/botao-de-encapar-garra-5-bb02a8d2f6846202cb17537327102127-50-0.webp","image/webp","870","2","Indexable","",""
"https://acdn-us.mitiendanube.com/stores/001/720/481/products/aparelho-de-bronze-2-12c23b70d78fd72a8a17690189750721-50-0.webp","image/webp","1020","2","Indexable","",""
"https://acdn-us.mitiendanube.com/stores/001/720/481/products/aparelho-de-bronze-4-cf690bebcf6fd0fc7c17690189787203-1024-1024.webp","image/webp","145788","0","Indexable","",""
"https://acdn-us.mitiendanube.com/stores/001/720/481/products/aparelho-de-bronze-2-12c23b70d78fd72a8a17690189750721-1024-1024.webp","image/webp","47334","0","Indexable","",""
"https://acdn-us.mitiendanube.com/stores/001/720/481/products/aparelho-de-bronze-1-cafbeaf15b3d230c7917690189722842-1024-1024.webp","image/webp","41886","0","Indexable","",""
"https://acdn-us.mitiendanube.com/stores/001/720/481/products/aparelho-de-bronze-1-cafbeaf15b3d230c7917690189722842-50-0.webp","image/webp","1070","2","Indexable","",""
"https://acdn-us.mitiendanube.com/stores/001/720/481/products/aparelho-de-bronze-4-cf690bebcf6fd0fc7c17690189787203-50-0.webp","image/webp","1692","2","Indexable","",""
"https://acdn-us.mitiendanube.com/stores/001/720/481/products/etp-02-a16df010f779c96e4617564917490396-50-0.webp","image/webp","3736","4","Indexable","",""
"https://acdn-us.mitiendanube.com/stores/001/720/481/products/etp-03-48ecbda6d223cf0b8a17564917487314-1024-1024.webp","image/webp","53780","0","Indexable","",""
"https://acdn-us.mitiendanube.com/stores/001/720/481/products/etp-04-e95b38379a26ca215e17564917491546-1024-1024.webp","image/webp","259186","0","Indexable","",""
"https://acdn-us.mitiendanube.com/stores/001/720/481/products/etp-04-e95b38379a26ca215e17564917491546-50-0.webp","image/webp","3522","4","Indexable","",""
"https://acdn-us.mitiendanube.com/stores/001/720/481/products/lf-05-30cm-fd95955279ac5ca4b117689982727341-1024-1024.webp","image/webp","25692","0","Indexable","",""
"https://acdn-us.mitiendanube.com/stores/001/720/481/products/filme-magico-lf-05-02-b74315d69899028b4517559100484937-50-0.webp","image/webp","4266","2","Indexable","",""
"https://acdn-us.mitiendanube.com/stores/001/720/481/products/filme-magico-lf-05-04-db439c7b3fcc80d22d17559100483989-50-0.webp","image/webp","3490","2","Indexable","",""
"https://acdn-us.mitiendanube.com/stores/001/720/481/products/lf-05-84ba126b3c9df20e8417559100482735-50-0.webp","image/webp","3598","2","Indexable","",""
"https://acdn-us.mitiendanube.com/stores/001/720/481/products/filme-magico-lf-05-04-db439c7b3fcc80d22d17559100483989-1024-1024.webp","image/webp","61110","0","Indexable","",""
"https://assets.pinterest.com/images/PinExt.png","image/png","936","81","Indexable","",""
"https://acdn-us.mitiendanube.com/stores/001/720/481/products/lf-05-84ba126b3c9df20e8417559100482735-1024-1024.webp","image/webp","25488","0","Indexable","",""
"https://acdn-us.mitiendanube.com/stores/001/720/481/products/lf-05-30cm-fd95955279ac5ca4b117689982727341-50-0.webp","image/webp","3602","2","Indexable","",""
"https://acdn-us.mitiendanube.com/stores/001/720/481/products/filme-magico-lf-05-02-b74315d69899028b4517559100484937-1024-1024.webp","image/webp","58642","0","Indexable","",""
"https://acdn-us.mitiendanube.com/stores/001/720/481/products/lec-off-white-30cm-1-c7221a01458b1b6b5217567373085412-1024-1024.webp","image/webp","19908","0","Indexable","",""
"https://acdn-us.mitiendanube.com/stores/001/720/481/products/entretela-para-bordado-rasgavel-40g-90cm-200m_lola1-22732f95aedd2233cb16328392133492-1024-1024.jpg","image/jpeg","142911","0","Indexable","",""
"https://acdn-us.mitiendanube.com/stores/001/720/481/products/lec-branca-01-c14299a719d70caa0217539730573832-1024-1024.webp","image/webp","42988","0","Indexable","",""
"https://acdn-us.mitiendanube.com/stores/001/720/481/products/lec-off-white-58a171063172d46d0017567373086152-50-0.webp","image/webp","3582","2","Indexable","",""
"https://acdn-us.mitiendanube.com/stores/001/720/481/products/lec-branca-30cm-37e02cce725904df9617567373085604-1024-1024.webp","image/webp","18358","0","Indexable","",""
"https://acdn-us.mitiendanube.com/stores/001/720/481/products/entretela-para-bordado-rasgavel-40g-90cm-200m_lola1-22732f95aedd2233cb16328392133492-50-0.jpg","image/jpeg","2533","4","Indexable","",""
"https://acdn-us.mitiendanube.com/stores/001/720/481/products/lec-branca-30cm-37e02cce725904df9617567373085604-50-0.webp","image/webp","3534","2","Indexable","",""
"https://acdn-us.mitiendanube.com/stores/001/720/481/products/lec-off-white-58a171063172d46d0017567373086152-1024-1024.webp","image/webp","23316","0","Indexable","",""
"https://acdn-us.mitiendanube.com/stores/001/720/481/products/lec-branca-06-db2f9d824d098556a917539730515661-50-0.webp","image/webp","3800","4","Indexable","",""
"https://acdn-us.mitiendanube.com/stores/001/720/481/products/lec-branca-06-db2f9d824d098556a917539730515661-1024-1024.webp","image/webp","286742","0","Indexable","",""
"https://acdn-us.mitiendanube.com/stores/001/720/481/products/lec-off-white-30cm-1-c7221a01458b1b6b5217567373085412-50-0.webp","image/webp","3572","4","Indexable","",""
"https://acdn-us.mitiendanube.com/stores/001/720/481/products/lec-branca-01-c14299a719d70caa0217539730573832-50-0.webp","image/webp","3446","4","Indexable","",""
"https://acdn-us.mitiendanube.com/stores/001/720/481/products/lec-branco-1-e5b19ae55c01d610a817539730129902-50-0.webp","image/webp","3556","4","Indexable","",""
"https://acdn-us.mitiendanube.com/stores/001/720/481/products/lec-branco-1-e5b19ae55c01d610a817539730129902-1024-1024.webp","image/webp","21936","0","Indexable","",""
"https://acdn-us.mitiendanube.com/stores/001/720/481/products/fita-magica-lola-1200-x-1200px-produto-1-dd60719b0c085e3d6517828274467346-50-0.webp","image/webp","3618","2","Indexable","",""
"https://acdn-us.mitiendanube.com/stores/001/720/481/products/fita-magica-lola-1200-x-1200px-sobre-o-produto-2ebf00dc341803b5c617828274469325-1024-1024.webp","image/webp","108422","0","Indexable","",""
"https://acdn-us.mitiendanube.com/stores/001/720/481/products/fita-magica-lola-1200-x-1200px-produto-1-dd60719b0c085e3d6517828274467346-1024-1024.webp","image/webp","33436","0","Indexable","",""
"https://acdn-us.mitiendanube.com/stores/001/720/481/products/fita-magica-lola-1200-x-1200px-sobre-o-produto-2ebf00dc341803b5c617828274469325-50-0.webp","image/webp","4524","2","Indexable","",""
"https://acdn-us.mitiendanube.com/stores/001/720/481/categories/banner_site_lola_toque_macio_1580x220-2c777586e2b6fc9d6916275785413617-240-0.jpg","image/jpeg","8145","2","Indexable","",""
"https://acdn-us.mitiendanube.com/stores/001/720/481/products/mesh-1000px-x-1000px-4ee8d7b29fb9aa8add17543105041473-50-0.webp","image/webp","4168","4","Indexable","",""
"https://acdn-us.mitiendanube.com/stores/001/720/481/products/mesh-1000px-x-1000px-05-abc37662825050afa617543105038512-50-0.webp","image/webp","4102","4","Indexable","",""
"https://acdn-us.mitiendanube.com/stores/001/720/481/products/mesh-1000px-x-1000px-03-a04848b6f85956384317543105034996-50-0.webp","image/webp","4292","4","Indexable","",""
"https://acdn-us.mitiendanube.com/stores/001/720/481/products/mesh-1000px-x-1000px-03-a04848b6f85956384317543105034996-1024-1024.webp","image/webp","226864","0","Indexable","",""
"https://acdn-us.mitiendanube.com/stores/001/720/481/products/mesh-1000px-x-1000px-4ee8d7b29fb9aa8add17543105041473-1024-1024.webp","image/webp","377084","0","Indexable","",""
"https://acdn-us.mitiendanube.com/stores/001/720/481/products/mesh-detalhe-01-1000px-x-1000px-a12d9fd97a6c2e8cc017543105041471-1024-1024.webp","image/webp","339756","0","Indexable","",""
"https://acdn-us.mitiendanube.com/stores/001/720/481/products/mesh-1000px-x-1000px-05-abc37662825050afa617543105038512-1024-1024.webp","image/webp","225686","0","Indexable","",""
"https://acdn-us.mitiendanube.com/stores/001/720/481/products/mesh-detalhe-01-1000px-x-1000px-a12d9fd97a6c2e8cc017543105041471-50-0.webp","image/webp","4148","4","Indexable","",""
"https://acdn-us.mitiendanube.com/stores/001/720/481/products/edf-90-cm-7d00a5aec6cd60b64a17550027225396-50-0.webp","image/webp","3546","2","Indexable","",""
"https://acdn-us.mitiendanube.com/stores/001/720/481/products/edf-90-cm-7d00a5aec6cd60b64a17550027225396-1024-1024.webp","image/webp","20530","0","Indexable","",""
"https://acdn-us.mitiendanube.com/stores/001/720/481/products/edf-40-972d3171171ded385417558061780946-1024-1024.webp","image/webp","87858","0","Indexable","",""
"https://acdn-us.mitiendanube.com/stores/001/720/481/products/edf-40-972d3171171ded385417558061780946-50-0.webp","image/webp","4124","2","Indexable","",""
"https://acdn-us.mitiendanube.com/stores/001/720/481/products/dupla-face-03-73a05432392d98ab9a17537248691081-50-0.webp","image/webp","764","2","Indexable","",""
"https://acdn-us.mitiendanube.com/stores/001/720/481/products/dupla-face-03-73a05432392d98ab9a17537248691081-1024-1024.webp","image/webp","58512","0","Indexable","",""
"https://acdn-us.mitiendanube.com/stores/001/720/481/products/suede_marrom-710249b70818bfe56317543185706361-50-0.webp","image/webp","660","2","Indexable","",""
"https://acdn-us.mitiendanube.com/stores/001/720/481/products/suede-04-85e7481a64926da86b17543185703651-50-0.webp","image/webp","4518","2","Indexable","",""
"https://acdn-us.mitiendanube.com/stores/001/720/481/products/suede_marrom-710249b70818bfe56317543185706361-1024-1024.webp","image/webp","256106","0","Indexable","",""
"https://acdn-us.mitiendanube.com/stores/001/720/481/products/suede_off_white-92f309c62dbf34871c17543185706137-1024-1024.webp","image/webp","251536","0","Indexable","",""
"https://acdn-us.mitiendanube.com/stores/001/720/481/products/suede_preto-0aa353788776f1f05f17543185706213-1024-1024.webp","image/webp","284174","0","Indexable","",""
"https://acdn-us.mitiendanube.com/stores/001/720/481/products/suede-04-85e7481a64926da86b17543185703651-1024-1024.webp","image/webp","248738","0","Indexable","",""
"https://acdn-us.mitiendanube.com/stores/001/720/481/products/suede_caramelo-260c6d996de39c045e17543185707174-1024-1024.webp","image/webp","325858","0","Indexable","",""
"https://acdn-us.mitiendanube.com/stores/001/720/481/products/suede_caramelo-260c6d996de39c045e17543185707174-50-0.webp","image/webp","756","2","Indexable","",""
"https://acdn-us.mitiendanube.com/stores/001/720/481/products/suede_off_white-92f309c62dbf34871c17543185706137-50-0.webp","image/webp","266","2","Indexable","",""
"https://acdn-us.mitiendanube.com/stores/001/720/481/products/suede_preto-0aa353788776f1f05f17543185706213-50-0.webp","image/webp","536","2","Indexable","",""
"https://acdn-us.mitiendanube.com/stores/001/720/481/products/lepo-2e90142e5527220a6c17540787267643-1024-1024.webp","image/webp","20160","0","Indexable","",""
"https://acdn-us.mitiendanube.com/stores/001/720/481/products/foto-lepo-02-30838e0da3682eccb617540787323070-50-0.webp","image/webp","4082","2","Indexable","",""
"https://acdn-us.mitiendanube.com/stores/001/720/481/products/foto-lepo-01-63335431dd5deea30317567460249832-1024-1024.webp","image/webp","49818","0","Indexable","",""
"https://acdn-us.mitiendanube.com/stores/001/720/481/products/foto-lepo-01-63335431dd5deea30317567460249832-50-0.webp","image/webp","3452","2","Indexable","",""
"https://acdn-us.mitiendanube.com/stores/001/720/481/products/lec-branca-30cm-f0050dbd0f6488fd7c17567460158771-1024-1024.webp","image/webp","18358","0","Indexable","",""
"https://acdn-us.mitiendanube.com/stores/001/720/481/products/lepo-2e90142e5527220a6c17540787267643-50-0.webp","image/webp","3508","2","Indexable","",""
"https://acdn-us.mitiendanube.com/stores/001/720/481/products/foto-lepo-02-30838e0da3682eccb617540787323070-1024-1024.webp","image/webp","310738","0","Indexable","",""
"https://acdn-us.mitiendanube.com/stores/001/720/481/products/lec-branca-30cm-f0050dbd0f6488fd7c17567460158771-50-0.webp","image/webp","3534","2","Indexable","",""
"https://acdn-us.mitiendanube.com/stores/001/720/481/categories/entretela-memoria-220-x-1580px-opcao-01-46e33cc38ae8441d9017543381611393-240-0.jpg","image/jpeg","16550","2","Indexable","",""
"https://acdn-us.mitiendanube.com/stores/001/720/481/products/fh-10-aplicacao-01-1-e93d3c69ab89e0716217720270410355-50-0.webp","image/webp","4292","2","Indexable","",""
"https://acdn-us.mitiendanube.com/stores/001/720/481/products/fh-10-aplicacao-02-1-7799112ac37be85e6617720270410892-50-0.webp","image/webp","4474","2","Indexable","",""
"https://acdn-us.mitiendanube.com/stores/001/720/481/products/fh-10-aplicacao-01-1-e93d3c69ab89e0716217720270410355-1024-1024.webp","image/webp","143286","0","Indexable","",""
"https://acdn-us.mitiendanube.com/stores/001/720/481/products/fh-10-1-c53a6f956131cf9c2c17720270407516-50-0.webp","image/webp","3570","2","Indexable","",""
"https://acdn-us.mitiendanube.com/stores/001/720/481/products/fh-10-aplicacao-02-1-7799112ac37be85e6617720270410892-1024-1024.webp","image/webp","170758","0","Indexable","",""
"https://acdn-us.mitiendanube.com/stores/001/720/481/products/fh-10-1-c53a6f956131cf9c2c17720270407516-1024-1024.webp","image/webp","22150","0","Indexable","",""
"https://acdn-us.mitiendanube.com/stores/001/720/481/categories/banner_site_lola_filme_1580x2201-c2dd96fd6434abeb7816275786673355-240-0.jpg","image/jpeg","11745","2","Indexable","",""
"https://acdn-us.mitiendanube.com/stores/001/720/481/products/lab-preta-15m-rolo-1-6b31408bb7abef6e4017550940307200-1024-1024.webp","image/webp","35732","0","Indexable","",""
"https://acdn-us.mitiendanube.com/stores/001/720/481/products/lab-preto-e-branco-rolo-c0571e7b2a7fd74f9817550940307248-1024-1024.webp","image/webp","23786","0","Indexable","",""
"https://acdn-us.mitiendanube.com/stores/001/720/481/products/lab-preto-e-branco-rolo-c0571e7b2a7fd74f9817550940307248-50-0.webp","image/webp","3642","2","Indexable","",""
"https://acdn-us.mitiendanube.com/stores/001/720/481/products/lab-off-white-30-cm-1000-x-1000px-1-c5f487ba2aab077a7717579462874145-50-0.webp","image/webp","3536","2","Indexable","",""
"https://acdn-us.mitiendanube.com/stores/001/720/481/products/lab-branco-15m-rolo-20f076366d473a660e17550940306256-50-0.webp","image/webp","3570","2","Indexable","",""
"https://acdn-us.mitiendanube.com/stores/001/720/481/products/lab-branco-15m-rolo-20f076366d473a660e17550940306256-1024-1024.webp","image/webp","25090","0","Indexable","",""
"https://acdn-us.mitiendanube.com/stores/001/720/481/products/lab-preto-30-cm-1000-x-1000px-1-42cc6925a0b12456c317579462871237-1024-1024.webp","image/webp","18724","0","Indexable","",""
"https://acdn-us.mitiendanube.com/stores/001/720/481/products/lab-off-white-30-cm-1000-x-1000px-1-c5f487ba2aab077a7717579462874145-1024-1024.webp","image/webp","25998","0","Indexable","",""
"https://acdn-us.mitiendanube.com/stores/001/720/481/products/lab-preto-30-cm-1000-x-1000px-1-42cc6925a0b12456c317579462871237-50-0.webp","image/webp","3618","2","Indexable","",""
"https://acdn-us.mitiendanube.com/stores/001/720/481/products/lab-preta-15m-rolo-1-6b31408bb7abef6e4017550940307200-50-0.webp","image/webp","3676","2","Indexable","",""
"https://acdn-us.mitiendanube.com/stores/001/720/481/products/lab-branco-15m-rolo-761ae2bf3c1bd9b77417550943725967-50-0.webp","image/webp","3570","2","Indexable","",""
"https://acdn-us.mitiendanube.com/stores/001/720/481/categories/banner_site_lola_insumos_1580x220-2330ab4867473ad66f16275786098118-240-0.jpg","image/jpeg","11450","2","Indexable","",""
"https://acdn-us.mitiendanube.com/stores/001/720/481/products/lab-preto-30-cm-1000-x-1000px-1-5ead7843afe8d924b017579464796530-1024-1024.webp","image/webp","18724","0","Indexable","",""
"https://acdn-us.mitiendanube.com/stores/001/720/481/products/lab-off-white-30-cm-1000-x-1000px-1-9b3965079e6817575217579464797208-1024-1024.webp","image/webp","25998","0","Indexable","",""
"https://acdn-us.mitiendanube.com/stores/001/720/481/products/etp-01-ded245459e1df7345c17564917484542-50-0.webp","image/webp","3532","4","Indexable","",""
"https://acdn-us.mitiendanube.com/stores/001/720/481/products/etp-02-a16df010f779c96e4617564917490396-1024-1024.webp","image/webp","482340","0","Indexable","",""
"https://acdn-us.mitiendanube.com/stores/001/720/481/products/etp-03-48ecbda6d223cf0b8a17564917487314-50-0.webp","image/webp","3438","4","Indexable","",""
"https://acdn-us.mitiendanube.com/stores/001/720/481/categories/banner_site_lola_maquinas_1580x220-7941ba742ba4268db016275785945985-240-0.jpg","image/jpeg","10975","2","Indexable","",""
"https://acdn-us.mitiendanube.com/stores/001/720/481/products/regulador-vinho-1000x-x-1000px-reg-26-903416723eb2dfc7a917545135321084-1024-1024.webp","image/webp","30882","0","Indexable","",""
"https://acdn-us.mitiendanube.com/stores/001/720/481/products/regulador-vinho-1000x-x-1000px-reg-26-903416723eb2dfc7a917545135321084-50-0.webp","image/webp","3778","1","Indexable","",""
"https://acdn-us.mitiendanube.com/stores/001/720/481/products/regulador-vermelho-1000x-x-1000px-reg-04-16fc16190c8d1ee13a17545135320278-1024-1024.webp","image/webp","41860","0","Indexable","",""
"https://acdn-us.mitiendanube.com/stores/001/720/481/products/regulador-caqui-1000x-x-1000px-reg-19-84d9907547b54b23e717545135319521-1024-1024.webp","image/webp","30558","0","Indexable","",""
"https://acdn-us.mitiendanube.com/stores/001/720/481/products/regulador-grafite-1000px-1000px-reg-24-71881fb054838e0b5417545135316555-50-0.webp","image/webp","3788","2","Indexable","",""
"https://acdn-us.mitiendanube.com/stores/001/720/481/products/regulador-preto-1000x-x-1000px-reg-09-7fe93f9ae5a7ced14317545135318647-1024-1024.webp","image/webp","18752","0","Indexable","",""
"https://acdn-us.mitiendanube.com/stores/001/720/481/products/regulador-caqui-1000x-x-1000px-reg-19-84d9907547b54b23e717545135319521-50-0.webp","image/webp","3846","2","Indexable","",""
"https://acdn-us.mitiendanube.com/stores/001/720/481/products/regulador-preto-1000x-x-1000px-reg-09-7fe93f9ae5a7ced14317545135318647-50-0.webp","image/webp","3620","2","Indexable","",""
"https://acdn-us.mitiendanube.com/stores/001/720/481/products/regulador-verde-militar-1000x-x-1000px-reg-27-3dde6d52f5b3b92cc817545135316931-50-0.webp","image/webp","3860","2","Indexable","",""
"https://acdn-us.mitiendanube.com/stores/001/720/481/products/reg-visao-de-cima-misturado-1000x1000px-5a5677a6244ffaf07d17545138287246-50-0.webp","image/webp","4434","2","Indexable","",""
"https://acdn-us.mitiendanube.com/stores/001/720/481/products/reg-visao-de-cima-misturado-1000x1000px-5a5677a6244ffaf07d17545138287246-1024-1024.webp","image/webp","130558","0","Indexable","",""
"https://acdn-us.mitiendanube.com/stores/001/720/481/products/regulador-vermelho-1000x-x-1000px-reg-04-16fc16190c8d1ee13a17545135320278-50-0.webp","image/webp","3902","1","Indexable","",""
"https://acdn-us.mitiendanube.com/stores/001/720/481/products/regulador-cinza-claro-1000x-x-1000px-reg-20-e0cefd653c82388bca17545135318224-1024-1024.webp","image/webp","18164","0","Indexable","",""
"https://acdn-us.mitiendanube.com/stores/001/720/481/products/regulador-branco-1000x-x-1000px-reg-10-e352e7a9f56912429b17545135316751-1024-1024.webp","image/webp","13944","0","Indexable","",""
"https://acdn-us.mitiendanube.com/stores/001/720/481/products/regulador-verde-militar-1000x-x-1000px-reg-27-3dde6d52f5b3b92cc817545135316931-1024-1024.webp","image/webp","32886","0","Indexable","",""
"https://acdn-us.mitiendanube.com/stores/001/720/481/products/regulador-cinza-claro-1000x-x-1000px-reg-20-e0cefd653c82388bca17545135318224-50-0.webp","image/webp","3520","1","Indexable","",""
"https://acdn-us.mitiendanube.com/stores/001/720/481/products/regulador-branco-1000x-x-1000px-reg-10-e352e7a9f56912429b17545135316751-50-0.webp","image/webp","3414","1","Indexable","",""
"https://acdn-us.mitiendanube.com/stores/001/720/481/products/regulador-grafite-1000px-1000px-reg-24-71881fb054838e0b5417545135316555-1024-1024.webp","image/webp","26042","0","Indexable","",""
"https://acdn-us.mitiendanube.com/stores/001/720/481/products/lt-18-marrom-969c82b168b8b6e8b517550041371169-50-0.webp","image/webp","4058","1","Indexable","",""
"https://acdn-us.mitiendanube.com/stores/001/720/481/products/lt-09-preto-ae29eb09d4c74d3d9e17550041369630-1024-1024.webp","image/webp","338314","0","Indexable","",""
"https://acdn-us.mitiendanube.com/stores/001/720/481/products/lt-05-verde-5d5abd652e16ec569617550041367496-50-0.webp","image/webp","4058","2","Indexable","",""
"https://acdn-us.mitiendanube.com/stores/001/720/481/products/lt-25-amarelo-e0b8a52aef29af914f17550041367862-1024-1024.webp","image/webp","316230","0","Indexable","",""
"https://acdn-us.mitiendanube.com/stores/001/720/481/products/lt-25-amarelo-e0b8a52aef29af914f17550041367862-50-0.webp","image/webp","3870","1","Indexable","",""
"https://acdn-us.mitiendanube.com/stores/001/720/481/products/lt-04-vermelho-e4cd314c816e722e8817550041370302-1024-1024.webp","image/webp","414952","0","Indexable","",""
"https://acdn-us.mitiendanube.com/stores/001/720/481/products/lt12-azul-marinho-5b80b6a275b4c8d7ac17550041369679-1024-1024.webp","image/webp","401452","0","Indexable","",""
"https://acdn-us.mitiendanube.com/stores/001/720/481/products/lt-23-caramelo-bea72d51252f9c5ae917550041370926-1024-1024.webp","image/webp","342274","0","Indexable","",""
"https://acdn-us.mitiendanube.com/stores/001/720/481/products/lt-10-branco-be49d05feed277904017550041360672-1024-1024.webp","image/webp","188312","0","Indexable","",""
"https://acdn-us.mitiendanube.com/stores/001/720/481/products/lt-24-grafite-dca8cd24a67bef628d17550041370272-50-0.webp","image/webp","3992","1","Indexable","",""
"https://acdn-us.mitiendanube.com/stores/001/720/481/products/lt-27-verde-militar-8c03340a168c7bf2b817550041368261-50-0.webp","image/webp","3968","1","Indexable","",""
"https://acdn-us.mitiendanube.com/stores/001/720/481/products/rolos-lt-1-20e7b8941cd800f3cb17550041346486-50-0.webp","image/webp","4072","2","Indexable","",""
"https://acdn-us.mitiendanube.com/stores/001/720/481/products/lt-27-verde-militar-8c03340a168c7bf2b817550041368261-1024-1024.webp","image/webp","353756","0","Indexable","",""
"https://acdn-us.mitiendanube.com/stores/001/720/481/products/lt-05-verde-5d5abd652e16ec569617550041367496-1024-1024.webp","image/webp","358048","0","Indexable","",""
"https://acdn-us.mitiendanube.com/stores/001/720/481/products/lt-07-azul-royal-673bd03df64493814517550041370545-1024-1024.webp","image/webp","468806","0","Indexable","",""
"https://acdn-us.mitiendanube.com/stores/001/720/481/products/lt-18-marrom-969c82b168b8b6e8b517550041371169-1024-1024.webp","image/webp","358966","0","Indexable","",""
"https://acdn-us.mitiendanube.com/stores/001/720/481/products/lt-22-bege-33f5222a9be9c3a76c17550041369647-1024-1024.webp","image/webp","293914","0","Indexable","",""
"https://acdn-us.mitiendanube.com/stores/001/720/481/products/lt-22-bege-33f5222a9be9c3a76c17550041369647-50-0.webp","image/webp","3846","1","Indexable","",""
"https://acdn-us.mitiendanube.com/stores/001/720/481/products/lt-19-caqui-6702bce28ee9e637a917550041370133-1024-1024.webp","image/webp","310164","0","Indexable","",""
"https://acdn-us.mitiendanube.com/stores/001/720/481/products/lt-20-cinza-claro-f87b89cd33f23613b517550041368991-50-0.webp","image/webp","3814","1","Indexable","",""
"https://acdn-us.mitiendanube.com/stores/001/720/481/products/lt-21-rosa-claro-6f0823b926ca2f614117550041368306-50-0.webp","image/webp","3762","1","Indexable","",""
"https://acdn-us.mitiendanube.com/stores/001/720/481/products/lt-07-azul-royal-673bd03df64493814517550041370545-50-0.webp","image/webp","4098","2","Indexable","",""
"https://acdn-us.mitiendanube.com/stores/001/720/481/products/lt-10-branco-be49d05feed277904017550041360672-50-0.webp","image/webp","3550","1","Indexable","",""
"https://acdn-us.mitiendanube.com/stores/001/720/481/products/lt12-azul-marinho-5b80b6a275b4c8d7ac17550041369679-50-0.webp","image/webp","4004","1","Indexable","",""
"https://acdn-us.mitiendanube.com/stores/001/720/481/products/lt-26-vinho-2e52bf83b9f484c2c517550041366872-50-0.webp","image/webp","4116","1","Indexable","",""
"https://acdn-us.mitiendanube.com/stores/001/720/481/products/lt-23-caramelo-bea72d51252f9c5ae917550041370926-50-0.webp","image/webp","4198","1","Indexable","",""
"https://acdn-us.mitiendanube.com/stores/001/720/481/products/lt-21-rosa-claro-6f0823b926ca2f614117550041368306-1024-1024.webp","image/webp","272452","0","Indexable","",""
"https://acdn-us.mitiendanube.com/stores/001/720/481/products/rolos-lt-1-20e7b8941cd800f3cb17550041346486-1024-1024.webp","image/webp","131886","0","Indexable","",""
"https://acdn-us.mitiendanube.com/stores/001/720/481/products/lt-20-cinza-claro-f87b89cd33f23613b517550041368991-1024-1024.webp","image/webp","292986","0","Indexable","",""
"https://acdn-us.mitiendanube.com/stores/001/720/481/products/lt-26-vinho-2e52bf83b9f484c2c517550041366872-1024-1024.webp","image/webp","383220","0","Indexable","",""
"https://acdn-us.mitiendanube.com/stores/001/720/481/products/lt-19-caqui-6702bce28ee9e637a917550041370133-50-0.webp","image/webp","3952","1","Indexable","",""
"https://acdn-us.mitiendanube.com/stores/001/720/481/products/lt-04-vermelho-e4cd314c816e722e8817550041370302-50-0.webp","image/webp","4222","2","Indexable","",""
"https://acdn-us.mitiendanube.com/stores/001/720/481/products/lt-24-grafite-dca8cd24a67bef628d17550041370272-1024-1024.webp","image/webp","345840","0","Indexable","",""
"https://acdn-us.mitiendanube.com/stores/001/720/481/products/lt-09-preto-ae29eb09d4c74d3d9e17550041369630-50-0.webp","image/webp","4004","2","Indexable","",""
"https://acdn-us.mitiendanube.com/stores/001/720/481/categories/banner_site_lola_hidrossoluvel_1580x220-83aece2eea2e1697f916275832359457-240-0.jpg","image/jpeg","13678","2","Indexable","",""
"https://acdn-us.mitiendanube.com/stores/001/720/481/products/lab-preta-15m-rolo-1-5e05d1774e1a4c85f917550943726202-1024-1024.webp","image/webp","35732","0","Indexable","",""
"https://acdn-us.mitiendanube.com/stores/001/720/481/products/lab-branco-15m-rolo-761ae2bf3c1bd9b77417550943725967-1024-1024.webp","image/webp","25090","0","Indexable","",""
"https://acdn-us.mitiendanube.com/stores/001/720/481/products/lab-off-white-30-cm-1000-x-1000px-1-9b3965079e6817575217579464797208-50-0.webp","image/webp","3536","2","Indexable","",""
"https://acdn-us.mitiendanube.com/stores/001/720/481/products/lab-preta-15m-rolo-1-5e05d1774e1a4c85f917550943726202-50-0.webp","image/webp","3676","2","Indexable","",""
"https://acdn-us.mitiendanube.com/stores/001/720/481/products/lab-preto-30-cm-1000-x-1000px-1-5ead7843afe8d924b017579464796530-50-0.webp","image/webp","3618","2","Indexable","",""
"https://acdn-us.mitiendanube.com/stores/001/720/481/products/lab-preto-e-branco-rolo-21d7886e070768a9ae17550943724940-1024-1024.webp","image/webp","23786","0","Indexable","",""
"https://acdn-us.mitiendanube.com/stores/001/720/481/products/lec-off-white-30cm-1-6c37a8a9c8101016ae17567353832641-1024-1024.webp","image/webp","19908","0","Indexable","",""
"https://acdn-us.mitiendanube.com/stores/001/720/481/products/lab-preto-e-branco-rolo-21d7886e070768a9ae17550943724940-50-0.webp","image/webp","3642","2","Indexable","",""
"https://acdn-us.mitiendanube.com/stores/001/720/481/products/lec-branco-2f763367efe26e17a617567352747246-50-0.webp","image/webp","3556","2","Indexable","",""
"https://acdn-us.mitiendanube.com/stores/001/720/481/products/lec-off-white-5a7561d3460a55cee817567353833413-1024-1024.webp","image/webp","23316","0","Indexable","",""
"https://acdn-us.mitiendanube.com/stores/001/720/481/products/lef-30-cm-8892c516ab12a49fe017550039642435-50-0.webp","image/webp","3566","2","Indexable","",""
"https://acdn-us.mitiendanube.com/stores/001/720/481/products/lec-off-white-30cm-1-6c37a8a9c8101016ae17567353832641-50-0.webp","image/webp","3572","2","Indexable","",""
"https://acdn-us.mitiendanube.com/stores/001/720/481/products/lef-30-cm-8892c516ab12a49fe017550039642435-1024-1024.webp","image/webp","22452","0","Indexable","",""
"https://acdn-us.mitiendanube.com/stores/001/720/481/products/rasgo-facil-c8ed5d64b12f052a0617567452643737-1024-1024.webp","image/webp","51406","0","Indexable","",""
"https://acdn-us.mitiendanube.com/stores/001/720/481/products/lec-branca-01-d28804a62f1ee9181f17567353042023-50-0.webp","image/webp","3446","2","Indexable","",""
"https://acdn-us.mitiendanube.com/stores/001/720/481/products/lec-branca-01-d28804a62f1ee9181f17567353042023-1024-1024.webp","image/webp","42988","0","Indexable","",""
"https://acdn-us.mitiendanube.com/stores/001/720/481/products/lec-branco-2f763367efe26e17a617567352747246-1024-1024.webp","image/webp","21936","0","Indexable","",""
"https://acdn-us.mitiendanube.com/stores/001/720/481/products/rasgo-facil-c8ed5d64b12f052a0617567452643737-50-0.webp","image/webp","4246","2","Indexable","",""
"https://acdn-us.mitiendanube.com/stores/001/720/481/products/entretela-para-bordado-rasgavel-toque-macio-40g-90cm-200m_lola1-22732f95aedd2233cb16328405166662-1024-1024.jpg","image/jpeg","142911","0","Indexable","",""
"https://acdn-us.mitiendanube.com/stores/001/720/481/products/lef-d2558d583bfe184f2617550007903085-1024-1024.webp","image/webp","21140","0","Indexable","",""
"https://acdn-us.mitiendanube.com/stores/001/720/481/products/lec-off-white-5a7561d3460a55cee817567353833413-50-0.webp","image/webp","3582","1","Indexable","",""
"https://acdn-us.mitiendanube.com/stores/001/720/481/products/entretela-para-bordado-rasgavel-toque-macio-40g-90cm-200m_lola1-22732f95aedd2233cb16328405166662-50-0.jpg","image/jpeg","2533","2","Indexable","",""
"https://acdn-us.mitiendanube.com/stores/001/720/481/products/lef-30-cm-851b5aeb563df917a117562936467108-50-0.webp","image/webp","3566","2","Indexable","",""
"https://acdn-us.mitiendanube.com/stores/001/720/481/products/lef-d2558d583bfe184f2617550007903085-50-0.webp","image/webp","3534","2","Indexable","",""
"https://acdn-us.mitiendanube.com/stores/001/720/481/products/lef-30-cm-851b5aeb563df917a117562936467108-1024-1024.webp","image/webp","22452","0","Indexable","",""
"https://acdn-us.mitiendanube.com/stores/001/720/481/products/lec-preto-30cm-641f6ea1e2d327aa8c17571014497388-50-0.webp","image/webp","3684","2","Indexable","",""
"https://acdn-us.mitiendanube.com/stores/001/720/481/products/lec-preto-01-3892c4e480f87aef4417539813823192-50-0.webp","image/webp","3766","2","Indexable","",""
"https://acdn-us.mitiendanube.com/stores/001/720/481/products/lec-preto-03-fae9ee3a34ada76fa717539813825126-50-0.webp","image/webp","3694","2","Indexable","",""
"https://acdn-us.mitiendanube.com/stores/001/720/481/products/lec-preto-01203df7c9ad64f46d17539813817652-1024-1024.webp","image/webp","22032","0","Indexable","",""
"https://acdn-us.mitiendanube.com/stores/001/720/481/products/lec-preto-01203df7c9ad64f46d17539813817652-50-0.webp","image/webp","3742","2","Indexable","",""
"https://acdn-us.mitiendanube.com/stores/001/720/481/products/lec-preto-30cm-641f6ea1e2d327aa8c17571014497388-1024-1024.webp","image/webp","17546","0","Indexable","",""
"https://acdn-us.mitiendanube.com/stores/001/720/481/products/lec-preto-01-3892c4e480f87aef4417539813823192-1024-1024.webp","image/webp","63748","0","Indexable","",""
"https://acdn-us.mitiendanube.com/stores/001/720/481/products/lec-preto-03-fae9ee3a34ada76fa717539813825126-1024-1024.webp","image/webp","133292","0","Indexable","",""
"https://acdn-us.mitiendanube.com/stores/001/720/481/products/lec-off-white-2c630a37e9807fd85417567429871309-50-0.webp","image/webp","3582","2","Indexable","",""
"https://acdn-us.mitiendanube.com/stores/001/720/481/products/lec-off-white-30cm-1-aec6bf27ca349dd04e17567429871020-50-0.webp","image/webp","3572","2","Indexable","",""
"https://acdn-us.mitiendanube.com/stores/001/720/481/products/lec-branco-1-4d39f1f19178caac8c17539821846011-50-0.webp","image/webp","3556","2","Indexable","",""
"https://acdn-us.mitiendanube.com/stores/001/720/481/products/lec-off-white-2c630a37e9807fd85417567429871309-1024-1024.webp","image/webp","23316","0","Indexable","",""
"https://acdn-us.mitiendanube.com/stores/001/720/481/products/lec-branca-01-744fad188ff34f543417539822126363-50-0.webp","image/webp","3446","2","Indexable","",""
"https://acdn-us.mitiendanube.com/stores/001/720/481/products/lec-off-white-30cm-1-aec6bf27ca349dd04e17567429871020-1024-1024.webp","image/webp","19908","0","Indexable","",""
"https://acdn-us.mitiendanube.com/stores/001/720/481/products/lec-branca-30cm-086337a564cd62517117567429870886-50-0.webp","image/webp","3534","1","Indexable","",""
"https://acdn-us.mitiendanube.com/stores/001/720/481/products/lec-branca-30cm-086337a564cd62517117567429870886-1024-1024.webp","image/webp","18358","0","Indexable","",""
"https://acdn-us.mitiendanube.com/stores/001/720/481/products/rasgo-facil-15d61b3bdb7efe4ec317567429874344-50-0.webp","image/webp","4246","2","Indexable","",""
"https://acdn-us.mitiendanube.com/stores/001/720/481/products/lec-branco-1-4d39f1f19178caac8c17539821846011-1024-1024.webp","image/webp","21936","0","Indexable","",""
"https://acdn-us.mitiendanube.com/stores/001/720/481/products/lec-branca-01-744fad188ff34f543417539822126363-1024-1024.webp","image/webp","42988","0","Indexable","",""
"https://acdn-us.mitiendanube.com/stores/001/720/481/products/rasgo-facil-d8e84af758fa98e99a17567368374921-1024-1024.webp","image/webp","51406","0","Indexable","",""
"https://acdn-us.mitiendanube.com/stores/001/720/481/products/rasgo-facil-15d61b3bdb7efe4ec317567429874344-1024-1024.webp","image/webp","51406","0","Indexable","",""
"https://acdn-us.mitiendanube.com/stores/001/720/481/products/lef-5f3b8111c1592c6ada17550008286560-50-0.webp","image/webp","3534","2","Indexable","",""
"https://acdn-us.mitiendanube.com/stores/001/720/481/products/lef-30-cm-25c3349bb51c62ffcd17562935691822-1024-1024.webp","image/webp","22452","0","Indexable","",""
"https://acdn-us.mitiendanube.com/stores/001/720/481/products/lef-30-cm-25c3349bb51c62ffcd17562935691822-50-0.webp","image/webp","3566","2","Indexable","",""
"https://acdn-us.mitiendanube.com/stores/001/720/481/products/rasgo-facil-d8e84af758fa98e99a17567368374921-50-0.webp","image/webp","4246","2","Indexable","",""
"https://acdn-us.mitiendanube.com/stores/001/720/481/products/lef-5f3b8111c1592c6ada17550008286560-1024-1024.webp","image/webp","21140","0","Indexable","",""
"https://acdn-us.mitiendanube.com/stores/001/720/481/products/entretela-para-bordado-rasgavel-30g-90cm-200m_lola1-22732f95aedd2233cb16328390791000-1024-1024.jpg","image/jpeg","142911","0","Indexable","",""
"https://acdn-us.mitiendanube.com/stores/001/720/481/products/lec-branca-30cm-3bf50be4f958d5a2d917567361151523-50-0.webp","image/webp","3534","2","Indexable","",""
"https://acdn-us.mitiendanube.com/stores/001/720/481/products/entretela-para-bordado-rasgavel-30g-90cm-200m_lola1-22732f95aedd2233cb16328390791000-50-0.jpg","image/jpeg","2533","2","Indexable","",""
"https://acdn-us.mitiendanube.com/stores/001/720/481/products/lec-branco-1-f15b3c1a420fd26e4417539713203451-50-0.webp","image/webp","3556","2","Indexable","",""
"https://acdn-us.mitiendanube.com/stores/001/720/481/products/lec-branca-01-dd4cc9e805b2a38c3317539715188624-1024-1024.webp","image/webp","42988","0","Indexable","",""
"https://acdn-us.mitiendanube.com/stores/001/720/481/products/lec-branco-1-f15b3c1a420fd26e4417539713203451-1024-1024.webp","image/webp","21936","0","Indexable","",""
"https://acdn-us.mitiendanube.com/stores/001/720/481/products/lec-branca-05-603ebe19fb7c00d95e17539713764739-50-0.webp","image/webp","3860","2","Indexable","",""
"https://acdn-us.mitiendanube.com/stores/001/720/481/products/lec-branca-01-dd4cc9e805b2a38c3317539715188624-50-0.webp","image/webp","3446","2","Indexable","",""
"https://acdn-us.mitiendanube.com/stores/001/720/481/products/lec-branca-05-603ebe19fb7c00d95e17539713764739-1024-1024.webp","image/webp","392380","0","Indexable","",""
"https://acdn-us.mitiendanube.com/stores/001/720/481/products/lec-off-white-768a55d18ed3b5f46017567446321845-1024-1024.webp","image/webp","23316","0","Indexable","",""
"https://acdn-us.mitiendanube.com/stores/001/720/481/products/lec-branca-30cm-3bf50be4f958d5a2d917567361151523-1024-1024.webp","image/webp","18358","0","Indexable","",""
"https://acdn-us.mitiendanube.com/stores/001/720/481/products/entretela-para-bordado-rasgavel-90g-90cm-200m_lola1-22732f95aedd2233cb16328394992853-50-0.jpg","image/jpeg","2533","2","Indexable","",""
"https://acdn-us.mitiendanube.com/stores/001/720/481/products/lec-off-white-30cm-1-e8479c5678043e1c8a17567446323131-1024-1024.webp","image/webp","19908","0","Indexable","",""
"https://acdn-us.mitiendanube.com/stores/001/720/481/products/lec-off-white-768a55d18ed3b5f46017567446321845-50-0.webp","image/webp","3582","1","Indexable","",""
"https://acdn-us.mitiendanube.com/stores/001/720/481/products/entretela-para-bordado-rasgavel-90g-90cm-200m_lola1-22732f95aedd2233cb16328394992853-1024-1024.jpg","image/jpeg","142911","0","Indexable","",""
"https://acdn-us.mitiendanube.com/stores/001/720/481/products/lec-branca-01-b4e529fa3e660e75d517567446325259-1024-1024.webp","image/webp","42988","0","Indexable","",""
"https://acdn-us.mitiendanube.com/stores/001/720/481/products/lec-branco-1-e3a6f28d2d4116485b17539856831142-50-0.webp","image/webp","3556","2","Indexable","",""
"https://acdn-us.mitiendanube.com/stores/001/720/481/products/lec-branca-30cm-051d63ebf83ced91e517567446322518-1024-1024.webp","image/webp","18358","0","Indexable","",""
"https://acdn-us.mitiendanube.com/stores/001/720/481/products/lec-branca-30cm-051d63ebf83ced91e517567446322518-50-0.webp","image/webp","3534","1","Indexable","",""
"https://acdn-us.mitiendanube.com/stores/001/720/481/products/lec-branca-01-b4e529fa3e660e75d517567446325259-50-0.webp","image/webp","3446","2","Indexable","",""
"https://acdn-us.mitiendanube.com/stores/001/720/481/products/lec-off-white-30cm-1-e8479c5678043e1c8a17567446323131-50-0.webp","image/webp","3572","1","Indexable","",""
"https://acdn-us.mitiendanube.com/stores/001/720/481/products/lec-branco-07c2d2055c3e3cf97717567446322755-1024-1024.webp","image/webp","21936","0","Indexable","",""
"https://acdn-us.mitiendanube.com/stores/001/720/481/products/lec-branca-06-0ea3f1d20b1271b17217539856915752-1024-1024.webp","image/webp","286742","0","Indexable","",""
"https://acdn-us.mitiendanube.com/stores/001/720/481/products/lec-branco-07c2d2055c3e3cf97717567446322755-50-0.webp","image/webp","3556","2","Indexable","",""
"https://acdn-us.mitiendanube.com/stores/001/720/481/products/lec-branco-1-e3a6f28d2d4116485b17539856831142-1024-1024.webp","image/webp","21936","0","Indexable","",""
"https://acdn-us.mitiendanube.com/stores/001/720/481/products/lec-branca-06-0ea3f1d20b1271b17217539856915752-50-0.webp","image/webp","3800","2","Indexable","",""
"https://acdn-us.mitiendanube.com/stores/001/720/481/products/tc-10-medida-972a4cc942bc08f87e17540765457800-50-0.webp","image/webp","3582","2","Indexable","",""
"https://acdn-us.mitiendanube.com/stores/001/720/481/products/tc-10-medida-972a4cc942bc08f87e17540765457800-1024-1024.webp","image/webp","20930","0","Indexable","",""
"https://acdn-us.mitiendanube.com/stores/001/720/481/products/entretela-de-memoria-rolo-metade-cinza-39c16c563319f2cf3517540565717016-50-0.webp","image/webp","3710","1","Indexable","",""
"https://acdn-us.mitiendanube.com/stores/001/720/481/products/entretela-de-memoria-rolo-metade-cinza-39c16c563319f2cf3517540565717016-1024-1024.webp","image/webp","203912","0","Indexable","",""
"https://acdn-us.mitiendanube.com/stores/001/720/481/products/entretela-de-memoria-rolo-metade-cinza-18f6d3123040e2011117540574677100-1024-1024.webp","image/webp","203912","0","Indexable","",""
"https://acdn-us.mitiendanube.com/stores/001/720/481/products/entretela-de-memoria-rolo-metade-cinza-18f6d3123040e2011117540574677100-50-0.webp","image/webp","3710","2","Indexable","",""
