"Address","Indexability","Indexability Status","Crawl Depth","Link Score","Inlinks","Unique Inlinks","Unique JS Inlinks","% of Total","Outlinks","Unique Outlinks","Unique JS Outlinks","External Outlinks","Unique External Outlinks","Unique External JS Outlinks"
"https://lolaaviamentos.com.br/","Non-Indexable","Canonicalised","0","","102","32","0","22.540","165","58","0","15","6","0"
"https://lolaaviamentos.com.br/entretela-de-memoria/cinza/","Non-Indexable","Canonicalised","1","","83","33","0","23.240","93","39","0","14","6","0"
"https://lolaaviamentos.com.br/insumos-para-bones/regulador-plastico/","Non-Indexable","Canonicalised","1","","81","33","0","23.240","88","38","0","14","6","0"
"https://www.lolaaviamentos.com.br/produtos/filme-plastico-magico-para-bordado-45g/","Indexable","","1","","62","12","0","8.450","104","38","0","22","13","0"
"https://lolaaviamentos.com.br/produtos/entretela-para-bordado-rasgavel-40g-90cm-200m/","Non-Indexable","Canonicalised","1","","44","3","0","2.110","130","45","0","25","16","0"
"https://www.lolaaviamentos.com.br/produtos/fita-magica/","Indexable","","1","","45","3","0","2.110","131","44","0","20","11","0"
"https://www.lolaaviamentos.com.br/empresa/","Indexable","","1","","154","142","0","100.000","78","35","0","14","6","0"
"https://lolaaviamentos.com.br/insumos-para-bones/suede1/","Non-Indexable","Canonicalised","1","","81","33","0","23.240","88","38","0","14","6","0"
"https://lolaaviamentos.com.br/bordado1/toque-macio/","Non-Indexable","Canonicalised","1","","99","33","0","23.240","139","49","0","14","6","0"
"https://lolaaviamentos.com.br/acessorios/","Non-Indexable","Canonicalised","1","","79","33","0","23.240","93","40","0","14","6","0"
"https://lolaaviamentos.com.br/entretela-alfaiataria/termocolante1/","Non-Indexable","Canonicalised","1","","78","33","0","23.240","82","37","0","14","6","0"
"https://www.lolaaviamentos.com.br/produtos/tela-de-poliester-mesh-7dmsd/","Indexable","","1","","58","10","0","7.040","100","38","0","22","13","0"
"https://www.lolaaviamentos.com.br/produtos/entretela-dupla-face-90cm-50m/","Indexable","","1","","41","5","0","3.520","113","41","0","20","11","0"
"https://www.lolaaviamentos.com.br/politica_privacidade/","Indexable","","1","","154","142","0","100.000","78","35","0","14","6","0"
"https://lolaaviamentos.com.br/produtos/","Non-Indexable","Canonicalised","1","","107","32","0","22.540","165","53","0","14","6","0"
"https://lolaaviamentos.com.br/produtos/kit-fita-dupla-face-19mm-x-30m-fd-01/","Non-Indexable","Canonicalised","1","","33","3","0","2.110","121","46","0","19","10","0"
"https://www.lolaaviamentos.com.br/produtos/tecido-suede-160g/","Indexable","","1","","50","9","0","6.340","104","39","0","23","14","0"
"https://lolaaviamentos.com.br/contato/","Non-Indexable","Canonicalised","1","","44","32","0","22.540","79","36","0","15","6","0"
"https://www.lolaaviamentos.com.br/produtos/entretela-para-bordado-toque-macio-40g-90cm-100m/","Indexable","","1","","49","5","0","3.520","130","44","0","22","13","0"
"https://www.lolaaviamentos.com.br/entretela-de-memoria/","Indexable","","1","","326","142","0","100.000","120","42","0","14","6","0"
"https://www.lolaaviamentos.com.br/bordado1/","Indexable","","1","","361","142","0","100.000","153","47","0","14","6","0"
"https://lolaaviamentos.com.br/entretela-de-memoria/branca/","Non-Indexable","Canonicalised","1","","85","33","0","23.240","98","40","0","14","6","0"
"https://lolaaviamentos.com.br/liquidacao/","Non-Indexable","Canonicalised","1","","97","33","0","23.240","123","44","0","14","6","0"
"https://lolaaviamentos.com.br/entretela-alfaiataria/tnt-termocolante/","Non-Indexable","Canonicalised","1","","89","33","0","23.240","108","42","0","14","6","0"
"https://www.lolaaviamentos.com.br/produtos/filme-hidrossoluvel-para-bordado-40g-fh-10-15sed/","Indexable","","1","","69","16","0","11.270","99","38","0","21","12","0"
"https://lolaaviamentos.com.br/insumos-para-bones/tela/","Non-Indexable","Canonicalised","1","","88","33","0","23.240","100","40","0","14","6","0"
"https://lolaaviamentos.com.br/entretela-alfaiataria/tecido-plano/","Non-Indexable","Canonicalised","1","","88","33","0","23.240","100","40","0","14","6","0"
"https://lolaaviamentos.com.br/bordado1/","Non-Indexable","Canonicalised","1","","52","9","0","6.340","153","54","0","14","6","0"
"https://lolaaviamentos.com.br/insumos-para-bones/vies1/","Non-Indexable","Canonicalised","1","","87","33","0","23.240","100","40","0","14","6","0"
"https://www.lolaaviamentos.com.br/","Indexable","","1","","589","142","0","100.000","165","57","0","15","6","0"
"https://lolaaviamentos.com.br/entretela-alfaiataria/entretelas-de-malha/","Non-Indexable","Canonicalised","1","","93","33","0","23.240","121","45","0","14","6","0"
"https://lolaaviamentos.com.br/insumos-para-bones/aba-plastica/","Non-Indexable","Canonicalised","1","","87","33","0","23.240","103","41","0","14","6","0"
"https://lolaaviamentos.com.br/entretela-alfaiataria/algodao/","Non-Indexable","Canonicalised","1","","81","33","0","23.240","88","38","0","14","6","0"
"https://lolaaviamentos.com.br/entretela-alfaiataria/","Non-Indexable","Canonicalised","1","","52","9","0","6.340","151","53","0","14","6","0"
"https://www.lolaaviamentos.com.br/produtos/entretela-de-tnt-micro-ponto-termocolante-70g-lab-407-408/","Indexable","","1","","69","12","0","8.450","111","40","0","23","14","0"
"https://lolaaviamentos.com.br/bordado1/filmes/","Non-Indexable","Canonicalised","1","","85","33","0","23.240","98","40","0","14","6","0"
"https://lolaaviamentos.com.br/insumos-para-bones/","Non-Indexable","Canonicalised","1","","49","10","0","7.040","149","54","0","14","6","0"
"https://lolaaviamentos.com.br/produtos/tela-de-poliester-mesh-7dmsd/","Non-Indexable","Canonicalised","1","","29","3","0","2.110","100","40","0","22","13","0"
"https://lolaaviamentos.com.br/bordado1/termocolante/","Non-Indexable","Canonicalised","1","","91","33","0","23.240","113","43","0","14","6","0"
"https://www.lolaaviamentos.com.br/insumos-para-bones/","Indexable","","1","","349","142","0","100.000","149","47","0","14","6","0"
"https://www.lolaaviamentos.com.br/produtos/entretela-de-tnt-micro-ponto-termocolante-60g-lab-409-410/","Indexable","","1","","63","12","0","8.450","111","40","0","23","14","0"
"https://lolaaviamentos.com.br/bordado1/hidrossoluvel/","Non-Indexable","Canonicalised","1","","87","33","0","23.240","100","40","0","14","6","0"
"https://www.lolaaviamentos.com.br/produtos/tela-de-poliester-105g-155-100m/","Indexable","","1","","80","19","0","13.380","101","38","0","35","26","0"
"https://www.lolaaviamentos.com.br/trocas-devolucoes/","Indexable","","1","","154","142","0","100.000","78","35","0","14","6","0"
"https://www.lolaaviamentos.com.br/produtos/regulador-plastico-para-bone-1000-un/","Indexable","","1","","70","17","0","11.970","91","36","0","27","18","0"
"https://lolaaviamentos.com.br/bordado1/rasgo-facil/","Non-Indexable","Canonicalised","1","","98","33","0","23.240","125","45","0","14","6","0"
"https://lolaaviamentos.com.br/entretela-de-memoria/preta/","Non-Indexable","Canonicalised","1","","81","33","0","23.240","88","38","0","14","6","0"
"https://lolaaviamentos.com.br/maquinas-acessorios/","Non-Indexable","Canonicalised","1","","81","33","0","23.240","113","46","0","14","6","0"
"https://www.lolaaviamentos.com.br/entretela-alfaiataria/","Indexable","","1","","353","142","0","100.000","151","47","0","14","6","0"
"https://lolaaviamentos.com.br/produtos/entretelas-tecido-de-algodao-termocolante-etp-15m-x-100m/","Non-Indexable","Canonicalised","1","","29","3","0","2.110","100","40","0","22","13","0"
"https://www.lolaaviamentos.com.br/produtos/https-www-lolaaviamentos-com-br-acessorios/","Indexable","","1","","73","18","0","12.680","114","44","0","21","12","0"
"https://www.lolaaviamentos.com.br/produtos/botao-de-forrar-encapar-para-bone-15mm-1000un/","Indexable","","1","","65","10","0","7.040","130","44","0","19","10","0"
"https://www.lolaaviamentos.com.br/produtos/entretela-hidrossoluvel-para-bordado-60g-52cm-25m/","Indexable","","1","","50","9","0","6.340","101","38","0","19","10","0"
"https://lolaaviamentos.com.br/entretela-de-memoria/","Non-Indexable","Canonicalised","2","","31","4","0","2.820","120","47","0","14","6","0"
"https://www.lolaaviamentos.com.br/entretela-de-memoria/cinza/","Indexable","","2","","241","110","0","77.460","93","37","0","14","6","0"
"https://www.lolaaviamentos.com.br/produtos/entretela-cavalinho-de-memoria-termocolante-cinza-285g-16-100m/","Indexable","","2","","39","6","0","4.230","96","37","0","19","10","0"
"https://www.lolaaviamentos.com.br/produtos/entretela-cavalinho-de-memoria-termocolante-cinza-330g/","Indexable","","2","","41","7","0","4.930","104","40","0","19","10","0"
"https://www.lolaaviamentos.com.br/insumos-para-bones/regulador-plastico/","Indexable","","2","","238","110","0","77.460","88","36","0","14","6","0"
"https://www.lolaaviamentos.com.br/bordado1/filmes/","Indexable","","2","","243","110","0","77.460","98","38","0","14","6","0"
"https://www.lolaaviamentos.com.br/bordado1/hidrossoluvel/","Indexable","","2","","246","110","0","77.460","100","38","0","14","6","0"
"https://www.lolaaviamentos.com.br/bordado1/toque-macio/","Indexable","","2","","265","110","0","77.460","139","47","0","14","6","0"
"https://www.lolaaviamentos.com.br/entretela-alfaiataria/tecido-plano/","Indexable","","2","","246","110","0","77.460","100","38","0","14","6","0"
"https://www.lolaaviamentos.com.br/bordado1/termocolante/","Indexable","","2","","248","110","0","77.460","113","41","0","14","6","0"
"https://www.lolaaviamentos.com.br/maquinas-acessorios/","Indexable","","2","","247","110","0","77.460","113","45","0","14","6","0"
"https://www.lolaaviamentos.com.br/insumos-para-bones/tela/","Indexable","","2","","246","110","0","77.460","100","38","0","14","6","0"
"https://www.lolaaviamentos.com.br/bordado1/rasgo-facil/","Indexable","","2","","261","110","0","77.460","125","43","0","14","6","0"
"https://www.lolaaviamentos.com.br/acessorios/","Indexable","","2","","238","110","0","77.460","93","39","0","14","6","0"
"https://www.lolaaviamentos.com.br/produtos/","Indexable","","2","","264","110","0","77.460","165","49","0","14","6","0"
"https://www.lolaaviamentos.com.br/entretela-de-memoria/branca/","Indexable","","2","","244","110","0","77.460","98","38","0","14","6","0"
"https://www.lolaaviamentos.com.br/entretela-alfaiataria/entretelas-de-malha/","Indexable","","2","","257","110","0","77.460","121","43","0","14","6","0"
"https://www.lolaaviamentos.com.br/entretela-alfaiataria/tnt-termocolante/","Indexable","","2","","250","110","0","77.460","108","40","0","14","6","0"
"https://www.lolaaviamentos.com.br/contato/","Indexable","","2","","122","110","0","77.460","79","35","0","15","6","0"
"https://www.lolaaviamentos.com.br/liquidacao/","Indexable","","2","","253","110","0","77.460","123","43","0","14","6","0"
"https://www.lolaaviamentos.com.br/entretela-de-memoria/preta/","Indexable","","2","","238","110","0","77.460","88","36","0","14","6","0"
"https://www.lolaaviamentos.com.br/insumos-para-bones/suede1/","Indexable","","2","","238","110","0","77.460","88","36","0","14","6","0"
"https://www.lolaaviamentos.com.br/entretela-alfaiataria/termocolante1/","Indexable","","2","","230","109","0","76.760","82","35","0","14","6","0"
"https://www.lolaaviamentos.com.br/entretela-alfaiataria/algodao/","Indexable","","2","","237","110","0","77.460","88","36","0","14","6","0"
"https://www.lolaaviamentos.com.br/insumos-para-bones/aba-plastica/","Indexable","","2","","247","110","0","77.460","103","39","0","14","6","0"
"https://www.lolaaviamentos.com.br/insumos-para-bones/vies1/","Indexable","","2","","246","110","0","77.460","100","38","0","14","6","0"
"https://www.lolaaviamentos.com.br/produtos/filme-papel-termocolante-definitivo-para-patchwork-48cm-5m/","Indexable","","2","","47","8","0","5.630","101","38","0","19","10","0"
"https://www.lolaaviamentos.com.br/produtos/entretela-para-bordado-rasgavel-40g-90cm-200m/","Indexable","","2","","85","16","0","11.270","130","43","0","25","16","0"
"https://www.lolaaviamentos.com.br/produtos/entretela-para-bordado-rasgavel-90g-90cm-200m/","Indexable","","2","","79","14","0","9.860","130","43","0","26","17","0"
"https://www.lolaaviamentos.com.br/produtos/entretela-para-bordado-rasgavel-30g-90cm-200m/","Indexable","","2","","69","14","0","9.860","105","38","0","23","14","0"
"https://www.lolaaviamentos.com.br/produtos/entretela-nao-tecido-para-bordado-toque-macio-rasgavel-60g-lef-60/","Indexable","","2","","103","24","0","16.900","124","43","0","21","12","0"
"https://www.lolaaviamentos.com.br/produtos/entretela-para-bordado-rasgavel-50g-90cm-200m/","Indexable","","2","","82","15","0","10.560","130","43","0","24","15","0"
"https://www.lolaaviamentos.com.br/produtos/entretela-para-bordado-preta-rasgavel-40g-90cm-200m/","Indexable","","2","","61","13","0","9.150","100","38","0","22","13","0"
"https://www.lolaaviamentos.com.br/produtos/entretela-para-bordado-toque-macio-rasgavel-40g-90cmx-200m/","Indexable","","2","","106","25","0","17.610","124","43","0","21","12","0"
"https://www.lolaaviamentos.com.br/produtos/entretela-nao-tecido-para-bordado-rasgavel-70g-lec-70/","Indexable","","2","","85","16","0","11.270","130","43","0","24","15","0"
"https://www.lolaaviamentos.com.br/produtos/entretela-termocolante-de-toque-macio-30g-90cm-100m/","Indexable","","2","","75","14","0","9.860","129","44","0","21","12","0"
"https://www.lolaaviamentos.com.br/produtos/entretela-para-bordado-toque-macio-30g-90cm-100m/","Indexable","","2","","73","13","0","9.150","130","44","0","22","13","0"
"https://www.lolaaviamentos.com.br/produtos/entretela-termocolante-de-toque-macio-20g-90cm-100m/","Indexable","","2","","79","15","0","10.560","130","44","0","22","13","0"
"https://www.lolaaviamentos.com.br/produtos/entretela-termocolante-de-toque-macio-40g-90cm-100m/","Indexable","","2","","97","21","0","14.790","130","44","0","22","13","0"
"https://www.lolaaviamentos.com.br/produtos/entretela-nao-tecido-para-bordado-toque-macio-50g-lepo-50/","Indexable","","2","","43","3","0","2.110","130","44","0","22","13","0"
"https://www.lolaaviamentos.com.br/produtos/entretela-termocolante-de-toque-macio-60g-90cm-100m/","Indexable","","2","","73","13","0","9.150","130","44","0","22","13","0"
"https://www.lolaaviamentos.com.br/produtos/entretela-termocolante-de-toque-macio-50g-90cm-x-100m/","Indexable","","2","","76","14","0","9.860","130","44","0","22","13","0"
"https://www.lolaaviamentos.com.br/produtos/entretela-para-bordado-toque-macio-20g-90cm-100m/","Indexable","","2","","74","13","0","9.150","131","44","0","23","14","0"
"https://www.lolaaviamentos.com.br/produtos/entretela-nao-tecido-para-bordado-toque-macio-60g-lepo-60/","Indexable","","2","","82","16","0","11.270","130","44","0","22","13","0"
"https://www.lolaaviamentos.com.br/produtos/case-para-bones/","Indexable","","2","","32","6","0","4.230","94","39","0","19","10","0"
"https://www.lolaaviamentos.com.br/produtos/medidor-de-circunferencia-para-bones/","Indexable","","2","","48","10","0","7.040","98","39","0","22","13","0"
"https://www.lolaaviamentos.com.br/produtos/cortador-amostras/","Indexable","","2","","46","10","0","7.040","96","39","0","20","11","0"
"https://www.lolaaviamentos.com.br/produtos/tela-de-poliester-ltn-130g-155-x-100m1/","Indexable","","2","","66","15","0","10.560","102","39","0","26","17","0"
"https://www.lolaaviamentos.com.br/produtos/entretela-de-malha-termocolante-60g-lab-203-204/","Indexable","","2","","73","14","0","9.860","124","43","0","23","14","0"
"https://www.lolaaviamentos.com.br/filme/","Indexable","","2","","21","3","0","2.110","91","38","0","14","6","0"
"https://www.lolaaviamentos.com.br/produtos/entretela-de-malha-termocolante-40g-lab-501-502/","Indexable","","2","","73","14","0","9.860","124","43","0","26","17","0"
"https://www.lolaaviamentos.com.br/https-www-lolaaviamentos-com-br-produtos-filme-plastico-magico-para-bordado-45g/","Indexable","","2","","41","3","0","2.110","138","47","0","14","6","0"
"https://www.lolaaviamentos.com.br/produtos/vies-tecido-fosco-preto-20mm-6000m/","Indexable","","2","","53","10","0","7.040","101","38","0","27","18","0"
"https://www.lolaaviamentos.com.br/produtos/botao-de-forrar-encapar-para-bone-13mm-1000un/","Indexable","","2","","63","10","0","7.040","128","44","0","19","10","0"
"https://www.lolaaviamentos.com.br/produtos/vies-tecido-fosco-preto-27mm-6000m/","Indexable","","2","","86","17","0","11.970","101","38","0","28","19","0"
"https://www.lolaaviamentos.com.br/produtos/aba-plastica-para-bone-curva-20kg-ab-80/","Indexable","","2","","45","5","0","3.520","126","43","0","20","11","0"
"https://www.lolaaviamentos.com.br/produtos/aba-plastica-para-bone-curva-196kg-ab-60/","Indexable","","2","","66","12","0","8.450","126","43","0","20","11","0"
"https://www.lolaaviamentos.com.br/produtos/kit-fita-dupla-face-19mm-x-30m-fd-01/","Indexable","","2","","53","9","0","6.340","121","44","0","19","10","0"
"https://www.lolaaviamentos.com.br/produtos/entretela-cavalinho-de-memoria-termocolante-branca-285g-16-100m/","Indexable","","2","","40","3","0","2.110","120","42","0","19","10","0"
"https://www.lolaaviamentos.com.br/produtos/entretela-cavalinho-de-memoria-termocolante-preta-290g-16-x-100m/","Indexable","","2","","37","6","0","4.230","91","36","0","19","10","0"
"https://www.lolaaviamentos.com.br/produtos/entretela-cavalinho-de-memoria-termocolante-branca-270g-16-100m/","Indexable","","2","","44","7","0","4.930","101","38","0","19","10","0"
"https://www.lolaaviamentos.com.br/produtos/entretela-cavalinho-de-memoria-branca-235g-sem-cola/","Indexable","","2","","40","8","0","5.630","97","39","0","19","10","0"
"https://www.lolaaviamentos.com.br/produtos/entretela-cavalinho-de-memoria-termocolante-branca-220g-15-100m/","Indexable","","2","","44","7","0","4.930","101","38","0","19","10","0"
"https://www.lolaaviamentos.com.br/produtos/entretelas-tecido-de-algodao-termocolante-etp-15m-x-100m/","Indexable","","2","","49","9","0","6.340","100","38","0","22","13","0"
"https://www.lolaaviamentos.com.br/produtos/entretela-de-tnt-micro-ponto-termocolante-30g-lab-401-402/","Indexable","","2","","48","7","0","4.930","111","40","0","23","14","0"
"https://www.lolaaviamentos.com.br/produtos/entretela-de-tnt-micro-ponto-termocolante-40g-lab-403-404/","Indexable","","2","","54","9","0","6.340","111","40","0","24","15","0"
"https://www.lolaaviamentos.com.br/produtos/entretela-de-tnt-micro-ponto-termocolante-50g-lab-405-406/","Indexable","","2","","48","7","0","4.930","111","40","0","23","14","0"
"https://www.lolaaviamentos.com.br/produtos/entretela-hidrossoluvel-para-bordado-40g-157-100m/","Indexable","","2","","38","5","0","3.520","101","38","0","19","10","0"
"https://www.lolaaviamentos.com.br/produtos/entretela-de-tecido-plano-termocolante-30g-lab-101-102/","Indexable","","2","","44","7","0","4.930","101","38","0","23","14","0"
"https://www.lolaaviamentos.com.br/produtos/entretela-de-tecido-plano-termocolante-60g-lab-601-602/","Indexable","","2","","41","6","0","4.230","101","38","0","23","14","0"
"https://www.lolaaviamentos.com.br/produtos/vies-tecido-fosco-55mm-carneira-18ql1/","Indexable","","2","","39","7","0","4.930","96","38","0","19","10","0"
"https://www.lolaaviamentos.com.br/produtos/entretela-de-malha-termocolante-45g-lab-701-702/","Indexable","","2","","59","10","0","7.040","122","43","0","21","12","0"
"https://www.lolaaviamentos.com.br/produtos/entretela-de-malha-termocolante-60g-lab-503-504/","Indexable","","2","","70","13","0","9.150","124","43","0","26","17","0"
"https://www.lolaaviamentos.com.br/produtos/entretela-de-malha-termocolante-40g-150m-x-100m1/","Indexable","","2","","59","10","0","7.040","122","43","0","21","12","0"
"https://www.lolaaviamentos.com.br/produtos/entretela-de-malha-termocolante-60g-160m-x-100m1/","Indexable","","2","","59","10","0","7.040","122","43","0","21","12","0"
"https://www.lolaaviamentos.com.br/produtos/entretela-de-malha-termocolante-40g-lab-201-202/","Indexable","","2","","63","10","0","7.040","126","43","0","23","14","0"
"https://www.lolaaviamentos.com.br/produtos/entretela-de-malha-termocolante-80g-lab-901-902/","Indexable","","2","","59","10","0","7.040","122","43","0","21","12","0"
"https://www.lolaaviamentos.com.br/produtos/aba-plastica-para-bone-curva-20kg-ab-230/","Indexable","","2","","60","10","0","7.040","126","43","0","20","11","0"
"https://www.lolaaviamentos.com.br/produtos/aba-plastica-para-bone-curva-196kg-ab-50/","Indexable","","2","","50","7","0","4.930","125","43","0","19","10","0"
"https://www.lolaaviamentos.com.br/produtos/maquina-de-pregar-botao-automatica-bp-1000/","Indexable","","2","","61","12","0","8.450","120","44","0","24","15","0"
"https://www.lolaaviamentos.com.br/produtos/botao-de-forrar-encapar-para-bone-15mm-1-000un-1rtwf/","Indexable","","2","","41","3","0","2.110","127","44","0","20","11","0"
"https://www.lolaaviamentos.com.br/produtos/maquina-de-dublagem-de-bones-por-moldes-hpw-2/","Indexable","","2","","55","10","0","7.040","120","44","0","23","14","0"
"https://www.lolaaviamentos.com.br/produtos/maquina-manual-de-coformar-bones/","Indexable","","2","","58","11","0","7.750","120","44","0","23","14","0"
"https://www.lolaaviamentos.com.br/produtos/maquina-de-conformar-bones/","Indexable","","2","","55","10","0","7.040","120","44","0","23","14","0"
"https://www.lolaaviamentos.com.br/produtos/maquina-transfer-mt-1500/","Indexable","","2","","58","12","0","8.450","117","44","0","20","11","0"
"https://www.lolaaviamentos.com.br/produtos/base-maquina-transfer-mt-1500/","Indexable","","2","","52","12","0","8.450","111","44","0","20","11","0"
"https://www.lolaaviamentos.com.br/produtos/maquina-de-encapar-botao-semi/","Indexable","","2","","54","11","0","7.750","116","44","0","19","10","0"
"https://www.lolaaviamentos.com.br/produtos/maquina-de-passadoria/","Indexable","","2","","52","10","0","7.040","117","44","0","20","11","0"
"https://www.lolaaviamentos.com.br/produtos/maquina-de-costura-na-aba-reta-automatica-filigrana-mca-2500/","Indexable","","2","","55","11","0","7.750","117","44","0","20","11","0"
