"Address","PSI Request Status"
"https://lolaaviamentos.com.br/",""
"https://lolaaviamentos.com.br/entretela-de-memoria/cinza/",""
"https://lolaaviamentos.com.br/insumos-para-bones/regulador-plastico/",""
"https://www.lolaaviamentos.com.br/produtos/filme-plastico-magico-para-bordado-45g/",""
"https://lolaaviamentos.com.br/produtos/entretela-para-bordado-rasgavel-40g-90cm-200m/",""
"https://www.lolaaviamentos.com.br/produtos/fita-magica/",""
"https://www.lolaaviamentos.com.br/empresa/",""
"https://lolaaviamentos.com.br/insumos-para-bones/suede1/",""
"https://lolaaviamentos.com.br/bordado1/toque-macio/",""
"https://lolaaviamentos.com.br/acessorios/",""
"https://lolaaviamentos.com.br/entretela-alfaiataria/termocolante1/",""
"https://www.lolaaviamentos.com.br/produtos/tela-de-poliester-mesh-7dmsd/",""
"https://www.lolaaviamentos.com.br/produtos/entretela-dupla-face-90cm-50m/",""
"https://www.lolaaviamentos.com.br/politica_privacidade/",""
"https://lolaaviamentos.com.br/produtos/",""
"https://lolaaviamentos.com.br/produtos/kit-fita-dupla-face-19mm-x-30m-fd-01/",""
"https://www.lolaaviamentos.com.br/produtos/tecido-suede-160g/",""
"https://lolaaviamentos.com.br/contato/",""
"https://www.lolaaviamentos.com.br/produtos/entretela-para-bordado-toque-macio-40g-90cm-100m/",""
"https://www.lolaaviamentos.com.br/entretela-de-memoria/",""
"https://www.lolaaviamentos.com.br/bordado1/",""
"https://lolaaviamentos.com.br/entretela-de-memoria/branca/",""
"https://lolaaviamentos.com.br/liquidacao/",""
"https://lolaaviamentos.com.br/entretela-alfaiataria/tnt-termocolante/",""
"https://www.lolaaviamentos.com.br/produtos/filme-hidrossoluvel-para-bordado-40g-fh-10-15sed/",""
"https://lolaaviamentos.com.br/insumos-para-bones/tela/",""
"https://lolaaviamentos.com.br/entretela-alfaiataria/tecido-plano/",""
"https://lolaaviamentos.com.br/bordado1/",""
"https://lolaaviamentos.com.br/insumos-para-bones/vies1/",""
"https://www.lolaaviamentos.com.br/",""
"https://lolaaviamentos.com.br/entretela-alfaiataria/entretelas-de-malha/",""
"https://lolaaviamentos.com.br/insumos-para-bones/aba-plastica/",""
"https://lolaaviamentos.com.br/entretela-alfaiataria/algodao/",""
"https://lolaaviamentos.com.br/entretela-alfaiataria/",""
"https://www.lolaaviamentos.com.br/produtos/entretela-de-tnt-micro-ponto-termocolante-70g-lab-407-408/",""
"https://lolaaviamentos.com.br/bordado1/filmes/",""
"https://lolaaviamentos.com.br/insumos-para-bones/",""
"https://lolaaviamentos.com.br/produtos/tela-de-poliester-mesh-7dmsd/",""
"https://lolaaviamentos.com.br/bordado1/termocolante/",""
"https://www.lolaaviamentos.com.br/insumos-para-bones/",""
"https://www.lolaaviamentos.com.br/produtos/entretela-de-tnt-micro-ponto-termocolante-60g-lab-409-410/",""
"https://lolaaviamentos.com.br/bordado1/hidrossoluvel/",""
"https://www.lolaaviamentos.com.br/produtos/tela-de-poliester-105g-155-100m/",""
"https://www.lolaaviamentos.com.br/trocas-devolucoes/",""
"https://www.lolaaviamentos.com.br/produtos/regulador-plastico-para-bone-1000-un/",""
"https://lolaaviamentos.com.br/bordado1/rasgo-facil/",""
"https://lolaaviamentos.com.br/entretela-de-memoria/preta/",""
"https://lolaaviamentos.com.br/maquinas-acessorios/",""
"https://www.lolaaviamentos.com.br/entretela-alfaiataria/",""
"https://lolaaviamentos.com.br/produtos/entretelas-tecido-de-algodao-termocolante-etp-15m-x-100m/",""
"https://www.lolaaviamentos.com.br/produtos/https-www-lolaaviamentos-com-br-acessorios/",""
"https://www.lolaaviamentos.com.br/produtos/botao-de-forrar-encapar-para-bone-15mm-1000un/",""
"https://www.lolaaviamentos.com.br/produtos/entretela-hidrossoluvel-para-bordado-60g-52cm-25m/",""
"https://lolaaviamentos.com.br/entretela-de-memoria/",""
"https://www.lolaaviamentos.com.br/entretela-de-memoria/cinza/",""
"https://www.lolaaviamentos.com.br/produtos/entretela-cavalinho-de-memoria-termocolante-cinza-285g-16-100m/",""
"https://www.lolaaviamentos.com.br/produtos/entretela-cavalinho-de-memoria-termocolante-cinza-330g/",""
"https://www.lolaaviamentos.com.br/insumos-para-bones/regulador-plastico/",""
"https://www.lolaaviamentos.com.br/bordado1/filmes/",""
"https://www.lolaaviamentos.com.br/bordado1/hidrossoluvel/",""
"https://www.lolaaviamentos.com.br/bordado1/toque-macio/",""
"https://www.lolaaviamentos.com.br/entretela-alfaiataria/tecido-plano/",""
"https://www.lolaaviamentos.com.br/bordado1/termocolante/",""
"https://www.lolaaviamentos.com.br/maquinas-acessorios/",""
"https://www.lolaaviamentos.com.br/insumos-para-bones/tela/",""
"https://www.lolaaviamentos.com.br/bordado1/rasgo-facil/",""
"https://www.lolaaviamentos.com.br/acessorios/",""
"https://www.lolaaviamentos.com.br/produtos/",""
"https://www.lolaaviamentos.com.br/entretela-de-memoria/branca/",""
"https://www.lolaaviamentos.com.br/entretela-alfaiataria/entretelas-de-malha/",""
"https://www.lolaaviamentos.com.br/entretela-alfaiataria/tnt-termocolante/",""
"https://www.lolaaviamentos.com.br/contato/",""
"https://www.lolaaviamentos.com.br/liquidacao/",""
"https://www.lolaaviamentos.com.br/entretela-de-memoria/preta/",""
"https://www.lolaaviamentos.com.br/insumos-para-bones/suede1/",""
"https://www.lolaaviamentos.com.br/entretela-alfaiataria/termocolante1/",""
"https://www.lolaaviamentos.com.br/entretela-alfaiataria/algodao/",""
"https://www.lolaaviamentos.com.br/insumos-para-bones/aba-plastica/",""
"https://www.lolaaviamentos.com.br/insumos-para-bones/vies1/",""
"https://www.lolaaviamentos.com.br/produtos/filme-papel-termocolante-definitivo-para-patchwork-48cm-5m/",""
"https://www.lolaaviamentos.com.br/produtos/entretela-para-bordado-rasgavel-40g-90cm-200m/",""
"https://www.lolaaviamentos.com.br/produtos/entretela-para-bordado-rasgavel-90g-90cm-200m/",""
"https://www.lolaaviamentos.com.br/produtos/entretela-para-bordado-rasgavel-30g-90cm-200m/",""
"https://www.lolaaviamentos.com.br/produtos/entretela-nao-tecido-para-bordado-toque-macio-rasgavel-60g-lef-60/",""
"https://www.lolaaviamentos.com.br/produtos/entretela-para-bordado-rasgavel-50g-90cm-200m/",""
"https://www.lolaaviamentos.com.br/produtos/entretela-para-bordado-preta-rasgavel-40g-90cm-200m/",""
"https://www.lolaaviamentos.com.br/produtos/entretela-para-bordado-toque-macio-rasgavel-40g-90cmx-200m/",""
"https://www.lolaaviamentos.com.br/produtos/entretela-nao-tecido-para-bordado-rasgavel-70g-lec-70/",""
"https://www.lolaaviamentos.com.br/produtos/entretela-termocolante-de-toque-macio-30g-90cm-100m/",""
"https://www.lolaaviamentos.com.br/produtos/entretela-para-bordado-toque-macio-30g-90cm-100m/",""
"https://www.lolaaviamentos.com.br/produtos/entretela-termocolante-de-toque-macio-20g-90cm-100m/",""
"https://www.lolaaviamentos.com.br/produtos/entretela-termocolante-de-toque-macio-40g-90cm-100m/",""
"https://www.lolaaviamentos.com.br/produtos/entretela-nao-tecido-para-bordado-toque-macio-50g-lepo-50/",""
"https://www.lolaaviamentos.com.br/produtos/entretela-termocolante-de-toque-macio-60g-90cm-100m/",""
"https://www.lolaaviamentos.com.br/produtos/entretela-termocolante-de-toque-macio-50g-90cm-x-100m/",""
"https://www.lolaaviamentos.com.br/produtos/entretela-para-bordado-toque-macio-20g-90cm-100m/",""
"https://www.lolaaviamentos.com.br/produtos/entretela-nao-tecido-para-bordado-toque-macio-60g-lepo-60/",""
"https://www.lolaaviamentos.com.br/produtos/case-para-bones/",""
"https://www.lolaaviamentos.com.br/produtos/medidor-de-circunferencia-para-bones/",""
"https://www.lolaaviamentos.com.br/produtos/cortador-amostras/",""
"https://www.lolaaviamentos.com.br/produtos/tela-de-poliester-ltn-130g-155-x-100m1/",""
"https://www.lolaaviamentos.com.br/produtos/entretela-de-malha-termocolante-60g-lab-203-204/",""
"https://www.lolaaviamentos.com.br/filme/",""
"https://www.lolaaviamentos.com.br/produtos/entretela-de-malha-termocolante-40g-lab-501-502/",""
"https://www.lolaaviamentos.com.br/https-www-lolaaviamentos-com-br-produtos-filme-plastico-magico-para-bordado-45g/",""
"https://www.lolaaviamentos.com.br/produtos/vies-tecido-fosco-preto-20mm-6000m/",""
"https://www.lolaaviamentos.com.br/produtos/botao-de-forrar-encapar-para-bone-13mm-1000un/",""
"https://www.lolaaviamentos.com.br/produtos/vies-tecido-fosco-preto-27mm-6000m/",""
"https://www.lolaaviamentos.com.br/produtos/aba-plastica-para-bone-curva-20kg-ab-80/",""
"https://www.lolaaviamentos.com.br/produtos/aba-plastica-para-bone-curva-196kg-ab-60/",""
"https://www.lolaaviamentos.com.br/produtos/kit-fita-dupla-face-19mm-x-30m-fd-01/",""
"https://www.lolaaviamentos.com.br/produtos/entretela-cavalinho-de-memoria-termocolante-branca-285g-16-100m/",""
"https://www.lolaaviamentos.com.br/produtos/entretela-cavalinho-de-memoria-termocolante-preta-290g-16-x-100m/",""
"https://www.lolaaviamentos.com.br/produtos/entretela-cavalinho-de-memoria-termocolante-branca-270g-16-100m/",""
"https://www.lolaaviamentos.com.br/produtos/entretela-cavalinho-de-memoria-branca-235g-sem-cola/",""
"https://www.lolaaviamentos.com.br/produtos/entretela-cavalinho-de-memoria-termocolante-branca-220g-15-100m/",""
"https://www.lolaaviamentos.com.br/produtos/entretelas-tecido-de-algodao-termocolante-etp-15m-x-100m/",""
"https://www.lolaaviamentos.com.br/produtos/entretela-de-tnt-micro-ponto-termocolante-30g-lab-401-402/",""
"https://www.lolaaviamentos.com.br/produtos/entretela-de-tnt-micro-ponto-termocolante-40g-lab-403-404/",""
"https://www.lolaaviamentos.com.br/produtos/entretela-de-tnt-micro-ponto-termocolante-50g-lab-405-406/",""
"https://www.lolaaviamentos.com.br/produtos/entretela-hidrossoluvel-para-bordado-40g-157-100m/",""
"https://www.lolaaviamentos.com.br/produtos/entretela-de-tecido-plano-termocolante-30g-lab-101-102/",""
"https://www.lolaaviamentos.com.br/produtos/entretela-de-tecido-plano-termocolante-60g-lab-601-602/",""
"https://www.lolaaviamentos.com.br/produtos/vies-tecido-fosco-55mm-carneira-18ql1/",""
"https://www.lolaaviamentos.com.br/produtos/entretela-de-malha-termocolante-45g-lab-701-702/",""
"https://www.lolaaviamentos.com.br/produtos/entretela-de-malha-termocolante-60g-lab-503-504/",""
"https://www.lolaaviamentos.com.br/produtos/entretela-de-malha-termocolante-40g-150m-x-100m1/",""
"https://www.lolaaviamentos.com.br/produtos/entretela-de-malha-termocolante-60g-160m-x-100m1/",""
"https://www.lolaaviamentos.com.br/produtos/entretela-de-malha-termocolante-40g-lab-201-202/",""
"https://www.lolaaviamentos.com.br/produtos/entretela-de-malha-termocolante-80g-lab-901-902/",""
"https://www.lolaaviamentos.com.br/produtos/aba-plastica-para-bone-curva-20kg-ab-230/",""
"https://www.lolaaviamentos.com.br/produtos/aba-plastica-para-bone-curva-196kg-ab-50/",""
"https://www.lolaaviamentos.com.br/produtos/maquina-de-pregar-botao-automatica-bp-1000/",""
"https://www.lolaaviamentos.com.br/produtos/botao-de-forrar-encapar-para-bone-15mm-1-000un-1rtwf/",""
"https://www.lolaaviamentos.com.br/produtos/maquina-de-dublagem-de-bones-por-moldes-hpw-2/",""
"https://www.lolaaviamentos.com.br/produtos/maquina-manual-de-coformar-bones/",""
"https://www.lolaaviamentos.com.br/produtos/maquina-de-conformar-bones/",""
"https://www.lolaaviamentos.com.br/produtos/maquina-transfer-mt-1500/",""
"https://www.lolaaviamentos.com.br/produtos/base-maquina-transfer-mt-1500/",""
"https://www.lolaaviamentos.com.br/produtos/maquina-de-encapar-botao-semi/",""
"https://www.lolaaviamentos.com.br/produtos/maquina-de-passadoria/",""
"https://www.lolaaviamentos.com.br/produtos/maquina-de-costura-na-aba-reta-automatica-filigrana-mca-2500/",""
