"Address","Content Type","Status Code","Status","Indexability","Indexability Status","Inlinks","Response Time","Redirect URL","Redirect Type"
"https://lolaaviamentos.com.br/","text/html; charset=UTF-8","200","OK","Non-Indexable","Canonicalised","102","0.082","",""
"https://lolaaviamentos.com.br/account/register","","0","Blocked by robots.txt","Non-Indexable","Blocked by robots.txt","64","","",""
"https://acdn-us.mitiendanube.com/stores/001/720/481/themes/amazonas/1-slide-1783709329598-6573094681-7010c5c1da82c996fb2feb1904f8d48a1783709331-50-0.jpg?7205137863153193245","image/jpeg","200","OK","Indexable","","0","0.052","",""
"https://lolaaviamentos.com.br/entretela-de-memoria/cinza/","text/html; charset=UTF-8","200","OK","Non-Indexable","Canonicalised","83","0.271","",""
"https://lolaaviamentos.com.br/search/?q=tela+lt","","0","Blocked by robots.txt","Non-Indexable","Blocked by robots.txt","4","","",""
"https://lolaaviamentos.com.br/insumos-para-bones/regulador-plastico/","text/html; charset=UTF-8","200","OK","Non-Indexable","Canonicalised","81","0.527","",""
"https://www.lolaaviamentos.com.br/produtos/filme-plastico-magico-para-bordado-45g/","text/html; charset=UTF-8","200","OK","Indexable","","62","0.084","",""
"https://acdn-us.mitiendanube.com/stores/001/720/481/themes/amazonas/img-391723470-1627933511-1e23742522559f43236d08b5f9e02aba1627933511.jpg?7205137863153193245","image/jpeg","200","OK","Indexable","","0","0.136","",""
"https://lolaaviamentos.com.br/produtos/entretela-para-bordado-rasgavel-40g-90cm-200m/","text/html; charset=UTF-8","200","OK","Non-Indexable","Canonicalised","44","0.650","",""
"https://www.lolaaviamentos.com.br/produtos/fita-magica/","text/html; charset=UTF-8","200","OK","Indexable","","45","0.114","",""
"https://www.lolaaviamentos.com.br/empresa/","text/html; charset=UTF-8","200","OK","Indexable","","154","0.725","",""
"https://lolaaviamentos.com.br/insumos-para-bones/suede1/","text/html; charset=UTF-8","200","OK","Non-Indexable","Canonicalised","81","0.680","",""
"https://lolaaviamentos.com.br/bordado1/toque-macio/","text/html; charset=UTF-8","200","OK","Non-Indexable","Canonicalised","99","0.204","",""
"https://acdn-us.mitiendanube.com/stores/001/720/481/themes/amazonas/1-slide-1783709329598-6270161573-a40af346234cf173b859cb31abc311871783709331-50-0.jpg?7205137863153193245","image/jpeg","200","OK","Indexable","","0","0.110","",""
"https://lolaaviamentos.com.br/acessorios/","text/html; charset=UTF-8","200","OK","Non-Indexable","Canonicalised","79","0.509","",""
"https://lolaaviamentos.com.br/entretela-alfaiataria/termocolante1/","text/html; charset=UTF-8","200","OK","Non-Indexable","Canonicalised","78","0.181","",""
"https://acdn-us.mitiendanube.com/stores/001/720/481/themes/amazonas/dart-style-async-26c0faa5fcddffeb858c87c538f55340.css","text/css","200","OK","Indexable","","0","0.127","",""
"https://www.lolaaviamentos.com.br/produtos/tela-de-poliester-mesh-7dmsd/","text/html; charset=UTF-8","200","OK","Indexable","","58","0.580","",""
"https://www.lolaaviamentos.com.br/produtos/entretela-dupla-face-90cm-50m/","text/html; charset=UTF-8","200","OK","Indexable","","41","0.732","",""
"https://acdn-us.mitiendanube.com/stores/001/720/481/themes/amazonas/2-img-1885761758-1755450160-6fab3d43aa6d4ab69d0ae788fa6e258d1755450160-50-0.webp?7205137863153193245","image/webp","200","OK","Indexable","","0","0.125","",""
"https://www.lolaaviamentos.com.br/politica_privacidade/","text/html; charset=UTF-8","200","OK","Indexable","","154","0.553","",""
"https://lolaaviamentos.com.br/produtos/","text/html; charset=UTF-8","200","OK","Non-Indexable","Canonicalised","107","0.656","",""
"https://acdn-us.mitiendanube.com/stores/001/720/481/themes/amazonas/2-img-696429953-1755630158-98e6ef0cb853e9dd834af002b9c1c1681755630158-50-0.webp?7205137863153193245","image/webp","200","OK","Indexable","","0","0.138","",""
"https://lolaaviamentos.com.br/produtos/kit-fita-dupla-face-19mm-x-30m-fd-01/","text/html; charset=UTF-8","200","OK","Non-Indexable","Canonicalised","33","0.703","",""
"https://www.lolaaviamentos.com.br/produtos/tecido-suede-160g/","text/html; charset=UTF-8","200","OK","Indexable","","50","0.604","",""
"https://lolaaviamentos.com.br/contato/","text/html; charset=UTF-8","200","OK","Non-Indexable","Canonicalised","44","0.529","",""
"https://acdn-us.mitiendanube.com/stores/001/720/481/themes/common/logo-2381817-1754682754-c325014e3710438c242fa3453bf903381754682754-480-0.webp","image/webp","200","OK","Indexable","","0","0.114","",""
"https://www.lolaaviamentos.com.br/produtos/entretela-para-bordado-toque-macio-40g-90cm-100m/","text/html; charset=UTF-8","200","OK","Indexable","","49","0.578","",""
"https://acdn-us.mitiendanube.com/assets/stores/js/linkedstore-v2-86f7bef17ed1b9a4e2456f7e6f0dc5ea30.js?v=19069155","application/javascript","200","OK","Indexable","","0","0.100","",""
"https://www.lolaaviamentos.com.br/entretela-de-memoria/","text/html; charset=UTF-8","200","OK","Indexable","","326","0.185","",""
"https://www.lolaaviamentos.com.br/bordado1/","text/html; charset=UTF-8","200","OK","Indexable","","361","0.201","",""
"https://lolaaviamentos.com.br/entretela-de-memoria/branca/","text/html; charset=UTF-8","200","OK","Non-Indexable","Canonicalised","85","0.182","",""
"https://lolaaviamentos.com.br/liquidacao/","text/html; charset=UTF-8","200","OK","Non-Indexable","Canonicalised","97","0.214","",""
"https://lolaaviamentos.com.br/entretela-alfaiataria/tnt-termocolante/","text/html; charset=UTF-8","200","OK","Non-Indexable","Canonicalised","89","0.189","",""
"https://www.lolaaviamentos.com.br/produtos/filme-hidrossoluvel-para-bordado-40g-fh-10-15sed/","text/html; charset=UTF-8","200","OK","Indexable","","69","0.079","",""
"https://lolaaviamentos.com.br/insumos-para-bones/tela/","text/html; charset=UTF-8","200","OK","Non-Indexable","Canonicalised","88","0.493","",""
"https://lolaaviamentos.com.br/entretela-alfaiataria/tecido-plano/","text/html; charset=UTF-8","200","OK","Non-Indexable","Canonicalised","88","0.193","",""
"https://acdn-us.mitiendanube.com/stores/001/720/481/themes/amazonas/2-slide-1783708202460-7727552480-7e1ac3f18b8200661a9e9f300e7535461783708203-50-0.webp?7205137863153193245","image/webp","200","OK","Indexable","","0","0.117","",""
"https://www.youtube.com/@lolasolucoes","text/html; charset=utf-8","200","OK","Indexable","","426","0.135","",""
"https://www.googletagmanager.com/gtag/js?id=G-9RVMLZYFWC&l=dataLayerTN","application/javascript; charset=UTF-8","200","OK","Indexable","","0","0.195","",""
"https://acdn-us.mitiendanube.com/stores/001/720/481/themes/amazonas/1-slide-1783709329598-6411602591-e4ac87b3c23816facb9dbd22e09246bc1783709330-480-0.jpg?7205137863153193245","image/jpeg","200","OK","Indexable","","0","0.118","",""
"https://lolaaviamentos.com.br/bordado1/","text/html; charset=UTF-8","200","OK","Non-Indexable","Canonicalised","52","0.638","",""
"https://lolaaviamentos.com.br/insumos-para-bones/vies1/","text/html; charset=UTF-8","200","OK","Non-Indexable","Canonicalised","87","0.554","",""
"https://acdn-us.mitiendanube.com/stores/001/720/481/themes/amazonas/img-260296815-1627933359-6e74acabddef03a0d1ee7927e3273e861627933360.jpg?7205137863153193245","image/jpeg","200","OK","Indexable","","0","0.120","",""
"https://acdn-us.mitiendanube.com/stores/001/720/481/themes/amazonas/2-slide-1783708202461-2055788799-7f29420d1d751bf6d8b87e8f4a294b941783708205-50-0.webp?7205137863153193245","image/webp","200","OK","Indexable","","0","0.109","",""
"https://www.lolaaviamentos.com.br/","text/html; charset=UTF-8","200","OK","Indexable","","589","0.080","",""
"https://www.facebook.com/lolasolucoestexteis","text/html; charset=""utf-8""","200","OK","Indexable","","426","0.385","",""
"https://lolaaviamentos.com.br/entretela-alfaiataria/entretelas-de-malha/","text/html; charset=UTF-8","200","OK","Non-Indexable","Canonicalised","93","0.499","",""
"https://acdn-us.mitiendanube.com/stores/001/720/481/themes/amazonas/img-1934853781-1627933308-585854e129e5d45dc818ec68e3aa9fdb1627933309.jpg?7205137863153193245","image/jpeg","200","OK","Indexable","","0","0.115","",""
"https://wa.me/5543991196727","text/html; charset=""utf-8""","302","Found","Non-Indexable","Redirected","428","0.185","https://api.whatsapp.com/send/?phone=5543991196727&text&type=phone_number&app_absent=0","HTTP Redirect"
"https://acdn-us.mitiendanube.com/stores/001/720/481/themes/amazonas/dart-style-colors-224559b17266be93525ad73d356609db.css","text/css","200","OK","Indexable","","0","0.109","",""
"https://lolaaviamentos.com.br/cdn-cgi/l/email-protection","text/html","404","Not Found","Non-Indexable","Client Error","65","0.027","",""
"https://acdn-us.mitiendanube.com/stores/001/720/481/themes/amazonas/1-slide-1783709329598-2992253561-d708e498b380efcebf75c99487ebad7b1783709332-50-0.jpg?7205137863153193245","image/jpeg","200","OK","Indexable","","0","0.115","",""
"https://acdn-us.mitiendanube.com/stores/001/720/481/themes/amazonas/2-slide-1783708202460-4537597006-1656e4f1a743be767368c13e7c6be9651783708204-50-0.webp?7205137863153193245","image/webp","200","OK","Indexable","","0","0.115","",""
"https://lolaaviamentos.com.br/insumos-para-bones/aba-plastica/","text/html; charset=UTF-8","200","OK","Non-Indexable","Canonicalised","87","0.443","",""
"https://acdn-us.mitiendanube.com/stores/001/720/481/themes/amazonas/2-slide-1783708202461-6248533355-a402b9427e51d5f4f62ad8fbfe1bee5b1783708204-50-0.webp?7205137863153193245","image/webp","200","OK","Indexable","","0","0.108","",""
"https://lolaaviamentos.com.br/entretela-alfaiataria/algodao/","text/html; charset=UTF-8","200","OK","Non-Indexable","Canonicalised","81","0.264","",""
"https://acdn-us.mitiendanube.com/assets/themes/amazonas/static/images/empty-placeholder.png","image/png","200","OK","Indexable","","0","0.114","",""
"https://lolaaviamentos.com.br/account/login/","","0","Blocked by robots.txt","Non-Indexable","Blocked by robots.txt","64","","",""
"https://lolaaviamentos.com.br/entretela-alfaiataria/","text/html; charset=UTF-8","200","OK","Non-Indexable","Canonicalised","52","0.558","",""
"https://www.lolaaviamentos.com.br/produtos/entretela-de-tnt-micro-ponto-termocolante-70g-lab-407-408/","text/html; charset=UTF-8","200","OK","Indexable","","69","0.655","",""
"https://lolaaviamentos.com.br/bordado1/filmes/","text/html; charset=UTF-8","200","OK","Non-Indexable","Canonicalised","85","0.180","",""
"https://lolaaviamentos.com.br/insumos-para-bones/","text/html; charset=UTF-8","200","OK","Non-Indexable","Canonicalised","49","0.089","",""
"https://lolaaviamentos.com.br/produtos/tela-de-poliester-mesh-7dmsd/","text/html; charset=UTF-8","200","OK","Non-Indexable","Canonicalised","29","0.524","",""
"https://lolaaviamentos.com.br/bordado1/termocolante/","text/html; charset=UTF-8","200","OK","Non-Indexable","Canonicalised","91","0.593","",""
"https://www.lolaaviamentos.com.br/insumos-para-bones/","text/html; charset=UTF-8","200","OK","Indexable","","349","0.219","",""
"https://acdn-us.mitiendanube.com/stores/001/720/481/themes/amazonas/1-slide-1783709329598-6950546711-1ce81a992ac35150d59d34fdc603cc101783709332-50-0.jpg?7205137863153193245","image/jpeg","200","OK","Indexable","","0","0.120","",""
"https://www.lolaaviamentos.com.br/produtos/entretela-de-tnt-micro-ponto-termocolante-60g-lab-409-410/","text/html; charset=UTF-8","200","OK","Indexable","","63","0.081","",""
"https://lolaaviamentos.com.br/account/reset","","0","Blocked by robots.txt","Non-Indexable","Blocked by robots.txt","32","","",""
"https://lolaaviamentos.com.br/bordado1/hidrossoluvel/","text/html; charset=UTF-8","200","OK","Non-Indexable","Canonicalised","87","0.200","",""
"https://www.lolaaviamentos.com.br/produtos/tela-de-poliester-105g-155-100m/","text/html; charset=UTF-8","200","OK","Indexable","","80","0.095","",""
"https://instagram.com/lolasolucoes","text/html; charset=""utf-8""","301","Moved Permanently","Non-Indexable","Redirected","428","0.187","https://www.instagram.com/lolasolucoes","HTTP Redirect"
"https://www.lolaaviamentos.com.br/trocas-devolucoes/","text/html; charset=UTF-8","200","OK","Indexable","","154","0.461","",""
"https://acdn-us.mitiendanube.com/stores/001/720/481/themes/amazonas/2-img-316853914-1756140379-18a2f756c7b644f300d6fb652d5cbb571756140379-50-0.webp?7205137863153193245","image/webp","200","OK","Indexable","","0","0.172","",""
"https://lolaaviamentos.com.br/cdn-cgi/scripts/5c5dd728/cloudflare-static/email-decode.min.js","application/javascript","200","OK","Indexable","","0","0.051","",""
"https://acdn-us.mitiendanube.com/stores/001/720/481/themes/amazonas/2-slide-1783708202461-7931737028-6f05b2009d070575059bb356f5e2774a1783708205-50-0.webp?7205137863153193245","image/webp","200","OK","Indexable","","0","0.167","",""
"https://www.lolaaviamentos.com.br/produtos/regulador-plastico-para-bone-1000-un/","text/html; charset=UTF-8","200","OK","Indexable","","70","0.609","",""
"https://lolaaviamentos.com.br/bordado1/rasgo-facil/","text/html; charset=UTF-8","200","OK","Non-Indexable","Canonicalised","98","0.214","",""
"https://lolaaviamentos.com.br/entretela-de-memoria/preta/","text/html; charset=UTF-8","200","OK","Non-Indexable","Canonicalised","81","0.221","",""
"https://lolaaviamentos.com.br/maquinas-acessorios/","text/html; charset=UTF-8","200","OK","Non-Indexable","Canonicalised","81","0.604","",""
"https://www.lolaaviamentos.com.br/entretela-alfaiataria/","text/html; charset=UTF-8","200","OK","Indexable","","353","0.115","",""
"http://www.buscacep.correios.com.br/sistemas/buscacep/","","302","Moved Temporarily","Non-Indexable","Redirected","223","0.062","https://buscacepinter.correios.com.br/","HTTP Redirect"
"https://lolaaviamentos.com.br/produtos/entretelas-tecido-de-algodao-termocolante-etp-15m-x-100m/","text/html; charset=UTF-8","200","OK","Non-Indexable","Canonicalised","29","0.588","",""
"https://acdn-us.mitiendanube.com/stores/001/720/481/products/etp-01-ded245459e1df7345c17564917484542-1024-1024.webp","image/webp","200","OK","Indexable","","2","0.138","",""
"https://www.lolaaviamentos.com.br/produtos/https-www-lolaaviamentos-com-br-acessorios/","text/html; charset=UTF-8","200","OK","Indexable","","73","0.682","",""
"https://www.lolaaviamentos.com.br/produtos/botao-de-forrar-encapar-para-bone-15mm-1000un/","text/html; charset=UTF-8","200","OK","Indexable","","65","0.201","",""
"https://www.lolaaviamentos.com.br/produtos/entretela-hidrossoluvel-para-bordado-60g-52cm-25m/","text/html; charset=UTF-8","200","OK","Indexable","","50","0.757","",""
"http://pinterest.com/pin/create/button/?url=https%3A%2F%2Fwww.lolaaviamentos.com.br%2Fprodutos%2Fentretelas-tecido-de-algodao-termocolante-etp-15m-x-100m%2F&media=https%3A%2F%2Facdn-us.mitiendanube.com%2Fstores%2F001%2F720%2F481%2Fproducts%2Fetp-01-ded245459e1df7345c17564917484542-480-0.webp&description=","","0","Blocked by robots.txt","Non-Indexable","Blocked by robots.txt","2","","",""
"http://pinterest.com/pin/create/button/?url=https%3A%2F%2Fwww.lolaaviamentos.com.br%2Fprodutos%2Fhttps-www-lolaaviamentos-com-br-acessorios%2F&media=https%3A%2F%2Facdn-us.mitiendanube.com%2Fstores%2F001%2F720%2F481%2Fproducts%2Faparelho-de-bronze-1-cafbeaf15b3d230c7917690189722842-480-0.webp&description=","","0","Blocked by robots.txt","Non-Indexable","Blocked by robots.txt","1","","",""
"http://pinterest.com/pin/create/button/?url=https%3A%2F%2Fwww.lolaaviamentos.com.br%2Fprodutos%2Fbotao-de-forrar-encapar-para-bone-15mm-1000un%2F&media=https%3A%2F%2Facdn-us.mitiendanube.com%2Fstores%2F001%2F720%2F481%2Fproducts%2Fbotao-de-encapar-garra-5-bb02a8d2f6846202cb17537327102127-480-0.webp&description=","","0","Blocked by robots.txt","Non-Indexable","Blocked by robots.txt","1","","",""
"http://pinterest.com/pin/create/button/?url=https%3A%2F%2Fwww.lolaaviamentos.com.br%2Fprodutos%2Fentretela-hidrossoluvel-para-bordado-60g-52cm-25m%2F&media=https%3A%2F%2Facdn-us.mitiendanube.com%2Fstores%2F001%2F720%2F481%2Fproducts%2Flaf-60-0fbca2bab64dfa400217550025549134-480-0.webp&description=","","0","Blocked by robots.txt","Non-Indexable","Blocked by robots.txt","1","","",""
"https://www.facebook.com/sharer/sharer.php?u=https://www.lolaaviamentos.com.br/produtos/entretela-hidrossoluvel-para-bordado-60g-52cm-25m/","","0","Blocked by robots.txt","Non-Indexable","Blocked by robots.txt","1","","",""
"https://acdn-us.mitiendanube.com/stores/001/720/481/products/laf-60-0fbca2bab64dfa400217550025549134-50-0.webp","image/webp","200","OK","Indexable","","0","0.151","",""
"https://acdn-us.mitiendanube.com/stores/001/720/481/products/laf-60-0fbca2bab64dfa400217550025549134-1024-1024.webp","image/webp","200","OK","Indexable","","1","0.138","",""
"https://acdn-us.mitiendanube.com/stores/001/720/481/products/botao-de-encapar-garra-5-bb02a8d2f6846202cb17537327102127-1024-1024.webp","image/webp","200","OK","Indexable","","1","0.172","",""
"https://www.facebook.com/sharer/sharer.php?u=https://www.lolaaviamentos.com.br/produtos/botao-de-forrar-encapar-para-bone-15mm-1000un/","","0","Blocked by robots.txt","Non-Indexable","Blocked by robots.txt","1","","",""
"https://acdn-us.mitiendanube.com/stores/001/720/481/products/botao-de-encapar-garra-5-bb02a8d2f6846202cb17537327102127-50-0.webp","image/webp","200","OK","Indexable","","0","0.139","",""
"https://acdn-us.mitiendanube.com/stores/001/720/481/products/aparelho-de-bronze-2-12c23b70d78fd72a8a17690189750721-50-0.webp","image/webp","200","OK","Indexable","","0","0.146","",""
"https://acdn-us.mitiendanube.com/stores/001/720/481/products/aparelho-de-bronze-4-cf690bebcf6fd0fc7c17690189787203-1024-1024.webp","image/webp","200","OK","Indexable","","1","0.163","",""
"https://twitter.com/share?url=https://www.lolaaviamentos.com.br/produtos/entretela-hidrossoluvel-para-bordado-60g-52cm-25m/","text/html; charset=utf-8","301","Moved Permanently","Non-Indexable","Redirected","1","0.205","https://x.com/share?url=https://www.lolaaviamentos.com.br/produtos/entretela-hidrossoluvel-para-bordado-60g-52cm-25m/","HTTP Redirect"
"https://www.facebook.com/sharer/sharer.php?u=https://www.lolaaviamentos.com.br/produtos/https-www-lolaaviamentos-com-br-acessorios/","","0","Blocked by robots.txt","Non-Indexable","Blocked by robots.txt","1","","",""
"https://acdn-us.mitiendanube.com/stores/001/720/481/products/aparelho-de-bronze-2-12c23b70d78fd72a8a17690189750721-1024-1024.webp","image/webp","200","OK","Indexable","","1","0.145","",""
"https://twitter.com/share?url=https://www.lolaaviamentos.com.br/produtos/botao-de-forrar-encapar-para-bone-15mm-1000un/","text/html; charset=utf-8","301","Moved Permanently","Non-Indexable","Redirected","1","0.333","https://x.com/share?url=https://www.lolaaviamentos.com.br/produtos/botao-de-forrar-encapar-para-bone-15mm-1000un/","HTTP Redirect"
"https://acdn-us.mitiendanube.com/stores/001/720/481/products/aparelho-de-bronze-1-cafbeaf15b3d230c7917690189722842-1024-1024.webp","image/webp","200","OK","Indexable","","1","0.154","",""
"https://acdn-us.mitiendanube.com/stores/001/720/481/products/aparelho-de-bronze-1-cafbeaf15b3d230c7917690189722842-50-0.webp","image/webp","200","OK","Indexable","","0","0.134","",""
"https://acdn-us.mitiendanube.com/stores/001/720/481/products/aparelho-de-bronze-4-cf690bebcf6fd0fc7c17690189787203-50-0.webp","image/webp","200","OK","Indexable","","0","0.173","",""
"https://twitter.com/share?url=https://www.lolaaviamentos.com.br/produtos/https-www-lolaaviamentos-com-br-acessorios/","text/html; charset=utf-8","301","Moved Permanently","Non-Indexable","Redirected","1","0.311","https://x.com/share?url=https://www.lolaaviamentos.com.br/produtos/https-www-lolaaviamentos-com-br-acessorios/","HTTP Redirect"
"https://acdn-us.mitiendanube.com/stores/001/720/481/products/etp-02-a16df010f779c96e4617564917490396-50-0.webp","image/webp","200","OK","Indexable","","0","0.151","",""
"https://acdn-us.mitiendanube.com/stores/001/720/481/products/etp-03-48ecbda6d223cf0b8a17564917487314-1024-1024.webp","image/webp","200","OK","Indexable","","2","0.170","",""
"https://acdn-us.mitiendanube.com/stores/001/720/481/products/etp-04-e95b38379a26ca215e17564917491546-1024-1024.webp","image/webp","200","OK","Indexable","","2","0.137","",""
"https://acdn-us.mitiendanube.com/stores/001/720/481/products/etp-04-e95b38379a26ca215e17564917491546-50-0.webp","image/webp","200","OK","Indexable","","0","0.224","",""
"https://twitter.com/share?url=https://www.lolaaviamentos.com.br/produtos/entretelas-tecido-de-algodao-termocolante-etp-15m-x-100m/","text/html; charset=utf-8","301","Moved Permanently","Non-Indexable","Redirected","2","0.323","https://x.com/share?url=https://www.lolaaviamentos.com.br/produtos/entretelas-tecido-de-algodao-termocolante-etp-15m-x-100m/","HTTP Redirect"
"https://lolaaviamentos.com.br/entretela-de-memoria/","text/html; charset=UTF-8","200","OK","Non-Indexable","Canonicalised","31","0.598","",""
"https://www.lolaaviamentos.com.br/entretela-de-memoria/cinza/","text/html; charset=UTF-8","200","OK","Indexable","","241","0.663","",""
"https://www.lolaaviamentos.com.br/account/login/","","0","Blocked by robots.txt","Non-Indexable","Blocked by robots.txt","220","","",""
"https://static.cloudflareinsights.com/beacon.min.js/v4513226cdae34746b4dedf0b4dfa099e1781791509496","text/javascript;charset=UTF-8","200","OK","Indexable","","0","0.169","",""
"https://www.lolaaviamentos.com.br/produtos/entretela-cavalinho-de-memoria-termocolante-cinza-285g-16-100m/","text/html; charset=UTF-8","200","OK","Indexable","","39","0.640","",""
"https://www.lolaaviamentos.com.br/produtos/entretela-cavalinho-de-memoria-termocolante-cinza-330g/","text/html; charset=UTF-8","200","OK","Indexable","","41","0.793","",""
"https://www.lolaaviamentos.com.br/insumos-para-bones/regulador-plastico/","text/html; charset=UTF-8","200","OK","Indexable","","238","0.479","",""
"https://www.lolaaviamentos.com.br/cdn-cgi/scripts/5c5dd728/cloudflare-static/email-decode.min.js","application/javascript","200","OK","Indexable","","0","0.040","",""
"https://www.lolaaviamentos.com.br/bordado1/filmes/","text/html; charset=UTF-8","200","OK","Indexable","","243","0.579","",""
"https://www.lolaaviamentos.com.br/bordado1/hidrossoluvel/","text/html; charset=UTF-8","200","OK","Indexable","","246","0.107","",""
"https://acdn-us.mitiendanube.com/stores/001/720/481/products/lf-05-30cm-fd95955279ac5ca4b117689982727341-1024-1024.webp","image/webp","200","OK","Indexable","","1","0.168","",""
"https://acdn-us.mitiendanube.com/stores/001/720/481/products/filme-magico-lf-05-02-b74315d69899028b4517559100484937-50-0.webp","image/webp","200","OK","Indexable","","0","0.159","",""
"https://www.facebook.com/sharer/sharer.php?u=https://www.lolaaviamentos.com.br/produtos/filme-plastico-magico-para-bordado-45g/","","0","Blocked by robots.txt","Non-Indexable","Blocked by robots.txt","1","","",""
"https://www.lolaaviamentos.com.br/bordado1/toque-macio/","text/html; charset=UTF-8","200","OK","Indexable","","265","0.773","",""
"https://www.lolaaviamentos.com.br/entretela-alfaiataria/tecido-plano/","text/html; charset=UTF-8","200","OK","Indexable","","246","0.076","",""
"https://acdn-us.mitiendanube.com/stores/001/720/481/products/filme-magico-lf-05-04-db439c7b3fcc80d22d17559100483989-50-0.webp","image/webp","200","OK","Indexable","","0","0.135","",""
"https://www.lolaaviamentos.com.br/cdn-cgi/l/email-protection","text/html","404","Not Found","Non-Indexable","Client Error","221","0.029","",""
"https://acdn-us.mitiendanube.com/stores/001/720/481/products/lf-05-84ba126b3c9df20e8417559100482735-50-0.webp","image/webp","200","OK","Indexable","","0","0.154","",""
"https://www.lolaaviamentos.com.br/bordado1/termocolante/","text/html; charset=UTF-8","200","OK","Indexable","","248","0.469","",""
"https://www.lolaaviamentos.com.br/maquinas-acessorios/","text/html; charset=UTF-8","200","OK","Indexable","","247","0.613","",""
"https://www.lolaaviamentos.com.br/insumos-para-bones/tela/","text/html; charset=UTF-8","200","OK","Indexable","","246","0.640","",""
"https://www.lolaaviamentos.com.br/bordado1/rasgo-facil/","text/html; charset=UTF-8","200","OK","Indexable","","261","0.071","",""
"https://www.lolaaviamentos.com.br/account/register","","0","Blocked by robots.txt","Non-Indexable","Blocked by robots.txt","220","","",""
"https://acdn-us.mitiendanube.com/stores/001/720/481/products/filme-magico-lf-05-04-db439c7b3fcc80d22d17559100483989-1024-1024.webp","image/webp","200","OK","Indexable","","1","0.128","",""
"https://twitter.com/share?url=https://www.lolaaviamentos.com.br/produtos/filme-plastico-magico-para-bordado-45g/","text/html; charset=utf-8","301","Moved Permanently","Non-Indexable","Redirected","1","0.298","https://x.com/share?url=https://www.lolaaviamentos.com.br/produtos/filme-plastico-magico-para-bordado-45g/","HTTP Redirect"
"https://www.lolaaviamentos.com.br/acessorios/","text/html; charset=UTF-8","200","OK","Indexable","","238","0.585","",""
"https://www.lolaaviamentos.com.br/produtos/","text/html; charset=UTF-8","200","OK","Indexable","","264","0.787","",""
"https://assets.pinterest.com/images/PinExt.png","image/png","200","OK","Indexable","","0","0.094","",""
"https://www.lolaaviamentos.com.br/account/reset","","0","Blocked by robots.txt","Non-Indexable","Blocked by robots.txt","110","","",""
"https://acdn-us.mitiendanube.com/stores/001/720/481/products/lf-05-84ba126b3c9df20e8417559100482735-1024-1024.webp","image/webp","200","OK","Indexable","","1","0.128","",""
"https://www.lolaaviamentos.com.br/entretela-de-memoria/branca/","text/html; charset=UTF-8","200","OK","Indexable","","244","0.772","",""
"https://www.lolaaviamentos.com.br/entretela-alfaiataria/entretelas-de-malha/","text/html; charset=UTF-8","200","OK","Indexable","","257","0.756","",""
"https://www.lolaaviamentos.com.br/entretela-alfaiataria/tnt-termocolante/","text/html; charset=UTF-8","200","OK","Indexable","","250","0.561","",""
"https://www.lolaaviamentos.com.br/contato/","text/html; charset=UTF-8","200","OK","Indexable","","122","0.492","",""
"https://acdn-us.mitiendanube.com/stores/001/720/481/products/lf-05-30cm-fd95955279ac5ca4b117689982727341-50-0.webp","image/webp","200","OK","Indexable","","0","0.137","",""
"https://acdn-us.mitiendanube.com/stores/001/720/481/products/filme-magico-lf-05-02-b74315d69899028b4517559100484937-1024-1024.webp","image/webp","200","OK","Indexable","","1","0.114","",""
"https://www.lolaaviamentos.com.br/liquidacao/","text/html; charset=UTF-8","200","OK","Indexable","","253","0.523","",""
"https://www.lolaaviamentos.com.br/entretela-de-memoria/preta/","text/html; charset=UTF-8","200","OK","Indexable","","238","0.214","",""
"https://www.lolaaviamentos.com.br/insumos-para-bones/suede1/","text/html; charset=UTF-8","200","OK","Indexable","","238","0.180","",""
"http://pinterest.com/pin/create/button/?url=https%3A%2F%2Fwww.lolaaviamentos.com.br%2Fprodutos%2Ffilme-plastico-magico-para-bordado-45g%2F&media=https%3A%2F%2Facdn-us.mitiendanube.com%2Fstores%2F001%2F720%2F481%2Fproducts%2Flf-05-84ba126b3c9df20e8417559100482735-480-0.webp&description=","","0","Blocked by robots.txt","Non-Indexable","Blocked by robots.txt","1","","",""
"https://www.lolaaviamentos.com.br/entretela-alfaiataria/termocolante1/","text/html; charset=UTF-8","200","OK","Indexable","","230","0.080","",""
"https://acdn-us.mitiendanube.com/stores/001/720/481/products/lec-off-white-30cm-1-c7221a01458b1b6b5217567373085412-1024-1024.webp","image/webp","200","OK","Indexable","","2","0.156","",""
"https://www.lolaaviamentos.com.br/entretela-alfaiataria/algodao/","text/html; charset=UTF-8","200","OK","Indexable","","237","0.567","",""
"https://www.lolaaviamentos.com.br/insumos-para-bones/aba-plastica/","text/html; charset=UTF-8","200","OK","Indexable","","247","0.574","",""
"https://twitter.com/share?url=https://www.lolaaviamentos.com.br/produtos/entretela-para-bordado-rasgavel-40g-90cm-200m/","text/html; charset=utf-8","301","Moved Permanently","Non-Indexable","Redirected","2","0.311","https://x.com/share?url=https://www.lolaaviamentos.com.br/produtos/entretela-para-bordado-rasgavel-40g-90cm-200m/","HTTP Redirect"
"https://acdn-us.mitiendanube.com/stores/001/720/481/products/entretela-para-bordado-rasgavel-40g-90cm-200m_lola1-22732f95aedd2233cb16328392133492-1024-1024.jpg","image/jpeg","200","OK","Indexable","","2","0.189","",""
"https://acdn-us.mitiendanube.com/stores/001/720/481/products/lec-branca-01-c14299a719d70caa0217539730573832-1024-1024.webp","image/webp","200","OK","Indexable","","2","0.142","",""
"https://acdn-us.mitiendanube.com/stores/001/720/481/products/lec-off-white-58a171063172d46d0017567373086152-50-0.webp","image/webp","200","OK","Indexable","","0","0.152","",""
"https://acdn-us.mitiendanube.com/stores/001/720/481/products/lec-branca-30cm-37e02cce725904df9617567373085604-1024-1024.webp","image/webp","200","OK","Indexable","","2","0.143","",""
"https://www.lolaaviamentos.com.br/insumos-para-bones/vies1/","text/html; charset=UTF-8","200","OK","Indexable","","246","0.522","",""
"https://acdn-us.mitiendanube.com/stores/001/720/481/products/entretela-para-bordado-rasgavel-40g-90cm-200m_lola1-22732f95aedd2233cb16328392133492-50-0.jpg","image/jpeg","200","OK","Indexable","","0","0.131","",""
"https://acdn-us.mitiendanube.com/stores/001/720/481/products/lec-branca-30cm-37e02cce725904df9617567373085604-50-0.webp","image/webp","200","OK","Indexable","","0","0.124","",""
"https://acdn-us.mitiendanube.com/stores/001/720/481/products/lec-off-white-58a171063172d46d0017567373086152-1024-1024.webp","image/webp","200","OK","Indexable","","2","0.144","",""
"https://www.lolaaviamentos.com.br/produtos/filme-papel-termocolante-definitivo-para-patchwork-48cm-5m/","text/html; charset=UTF-8","200","OK","Indexable","","47","0.669","",""
"https://acdn-us.mitiendanube.com/stores/001/720/481/products/lec-branca-06-db2f9d824d098556a917539730515661-50-0.webp","image/webp","200","OK","Indexable","","0","0.209","",""
"https://www.lolaaviamentos.com.br/produtos/entretela-para-bordado-rasgavel-40g-90cm-200m/","text/html; charset=UTF-8","200","OK","Indexable","","85","0.089","",""
"https://www.lolaaviamentos.com.br/produtos/entretela-para-bordado-rasgavel-90g-90cm-200m/","text/html; charset=UTF-8","200","OK","Indexable","","79","0.111","",""
"https://acdn-us.mitiendanube.com/stores/001/720/481/products/lec-branca-06-db2f9d824d098556a917539730515661-1024-1024.webp","image/webp","200","OK","Indexable","","2","0.159","",""
"https://www.lolaaviamentos.com.br/produtos/entretela-para-bordado-rasgavel-30g-90cm-200m/","text/html; charset=UTF-8","200","OK","Indexable","","69","0.674","",""
"http://pinterest.com/pin/create/button/?url=https%3A%2F%2Fwww.lolaaviamentos.com.br%2Fprodutos%2Fentretela-para-bordado-rasgavel-40g-90cm-200m%2F&media=https%3A%2F%2Facdn-us.mitiendanube.com%2Fstores%2F001%2F720%2F481%2Fproducts%2Fentretela-para-bordado-rasgavel-40g-90cm-200m_lola1-22732f95aedd2233cb16328392133492-480-0.jpg&description=","","0","Blocked by robots.txt","Non-Indexable","Blocked by robots.txt","2","","",""
"https://acdn-us.mitiendanube.com/stores/001/720/481/products/lec-off-white-30cm-1-c7221a01458b1b6b5217567373085412-50-0.webp","image/webp","200","OK","Indexable","","0","0.149","",""
"https://www.lolaaviamentos.com.br/produtos/entretela-nao-tecido-para-bordado-toque-macio-rasgavel-60g-lef-60/","text/html; charset=UTF-8","200","OK","Indexable","","103","0.601","",""
"https://www.lolaaviamentos.com.br/produtos/entretela-para-bordado-rasgavel-50g-90cm-200m/","text/html; charset=UTF-8","200","OK","Indexable","","82","0.610","",""
"https://acdn-us.mitiendanube.com/stores/001/720/481/products/lec-branca-01-c14299a719d70caa0217539730573832-50-0.webp","image/webp","200","OK","Indexable","","0","0.127","",""
"https://acdn-us.mitiendanube.com/stores/001/720/481/products/lec-branco-1-e5b19ae55c01d610a817539730129902-50-0.webp","image/webp","200","OK","Indexable","","0","0.119","",""
"https://www.facebook.com/sharer/sharer.php?u=https://www.lolaaviamentos.com.br/produtos/entretela-para-bordado-rasgavel-40g-90cm-200m/","","0","Blocked by robots.txt","Non-Indexable","Blocked by robots.txt","2","","",""
"https://www.lolaaviamentos.com.br/produtos/entretela-para-bordado-preta-rasgavel-40g-90cm-200m/","text/html; charset=UTF-8","200","OK","Indexable","","61","0.211","",""
"https://acdn-us.mitiendanube.com/stores/001/720/481/products/lec-branco-1-e5b19ae55c01d610a817539730129902-1024-1024.webp","image/webp","200","OK","Indexable","","2","0.167","",""
"https://www.lolaaviamentos.com.br/produtos/entretela-para-bordado-toque-macio-rasgavel-40g-90cmx-200m/","text/html; charset=UTF-8","200","OK","Indexable","","106","0.742","",""
"https://acdn-us.mitiendanube.com/stores/001/720/481/products/fita-magica-lola-1200-x-1200px-produto-1-dd60719b0c085e3d6517828274467346-50-0.webp","image/webp","200","OK","Indexable","","0","0.131","",""
"https://acdn-us.mitiendanube.com/stores/001/720/481/products/fita-magica-lola-1200-x-1200px-sobre-o-produto-2ebf00dc341803b5c617828274469325-1024-1024.webp","image/webp","200","OK","Indexable","","1","0.143","",""
"http://pinterest.com/pin/create/button/?url=https%3A%2F%2Fwww.lolaaviamentos.com.br%2Fprodutos%2Ffita-magica%2F&media=https%3A%2F%2Facdn-us.mitiendanube.com%2Fstores%2F001%2F720%2F481%2Fproducts%2Ffita-magica-lola-1200-x-1200px-sobre-o-produto-2ebf00dc341803b5c617828274469325-480-0.webp&description=","","0","Blocked by robots.txt","Non-Indexable","Blocked by robots.txt","1","","",""
"https://acdn-us.mitiendanube.com/stores/001/720/481/products/fita-magica-lola-1200-x-1200px-produto-1-dd60719b0c085e3d6517828274467346-1024-1024.webp","image/webp","200","OK","Indexable","","1","0.161","",""
"https://acdn-us.mitiendanube.com/stores/001/720/481/products/fita-magica-lola-1200-x-1200px-sobre-o-produto-2ebf00dc341803b5c617828274469325-50-0.webp","image/webp","200","OK","Indexable","","0","0.158","",""
"https://twitter.com/share?url=https://www.lolaaviamentos.com.br/produtos/fita-magica/","text/html; charset=utf-8","301","Moved Permanently","Non-Indexable","Redirected","1","0.295","https://x.com/share?url=https://www.lolaaviamentos.com.br/produtos/fita-magica/","HTTP Redirect"
"https://www.facebook.com/sharer/sharer.php?u=https://www.lolaaviamentos.com.br/produtos/fita-magica/","","0","Blocked by robots.txt","Non-Indexable","Blocked by robots.txt","1","","",""
"https://ajax.googleapis.com/ajax/libs/jquery/1.11.1/jquery.min.js","text/javascript; charset=UTF-8","200","OK","Indexable","","0","0.022","",""
"https://www.lolaaviamentos.com.br/produtos/entretela-nao-tecido-para-bordado-rasgavel-70g-lec-70/","text/html; charset=UTF-8","200","OK","Indexable","","85","0.562","",""
"https://www.lolaaviamentos.com.br/produtos/entretela-termocolante-de-toque-macio-30g-90cm-100m/","text/html; charset=UTF-8","200","OK","Indexable","","75","0.675","",""
"https://www.lolaaviamentos.com.br/produtos/entretela-para-bordado-toque-macio-30g-90cm-100m/","text/html; charset=UTF-8","200","OK","Indexable","","73","0.563","",""
"https://www.lolaaviamentos.com.br/produtos/entretela-termocolante-de-toque-macio-20g-90cm-100m/","text/html; charset=UTF-8","200","OK","Indexable","","79","0.216","",""
"https://www.lolaaviamentos.com.br/produtos/entretela-termocolante-de-toque-macio-40g-90cm-100m/","text/html; charset=UTF-8","200","OK","Indexable","","97","0.607","",""
"https://acdn-us.mitiendanube.com/stores/001/720/481/categories/banner_site_lola_toque_macio_1580x220-2c777586e2b6fc9d6916275785413617-240-0.jpg","image/jpeg","200","OK","Indexable","","0","0.141","",""
"https://www.lolaaviamentos.com.br/produtos/entretela-nao-tecido-para-bordado-toque-macio-50g-lepo-50/","text/html; charset=UTF-8","200","OK","Indexable","","43","0.610","",""
"https://www.lolaaviamentos.com.br/produtos/entretela-termocolante-de-toque-macio-60g-90cm-100m/","text/html; charset=UTF-8","200","OK","Indexable","","73","0.617","",""
"https://www.lolaaviamentos.com.br/produtos/entretela-termocolante-de-toque-macio-50g-90cm-x-100m/","text/html; charset=UTF-8","200","OK","Indexable","","76","0.615","",""
"https://www.lolaaviamentos.com.br/produtos/entretela-para-bordado-toque-macio-20g-90cm-100m/","text/html; charset=UTF-8","200","OK","Indexable","","74","0.611","",""
"https://www.lolaaviamentos.com.br/produtos/entretela-nao-tecido-para-bordado-toque-macio-60g-lepo-60/","text/html; charset=UTF-8","200","OK","Indexable","","82","0.617","",""
"https://www.lolaaviamentos.com.br/produtos/case-para-bones/","text/html; charset=UTF-8","200","OK","Indexable","","32","0.564","",""
"https://www.facebook.com/sharer/sharer.php?u=https://www.lolaaviamentos.com.br/produtos/tela-de-poliester-mesh-7dmsd/","","0","Blocked by robots.txt","Non-Indexable","Blocked by robots.txt","2","","",""
"https://www.lolaaviamentos.com.br/produtos/medidor-de-circunferencia-para-bones/","text/html; charset=UTF-8","200","OK","Indexable","","48","0.636","",""
"http://pinterest.com/pin/create/button/?url=https%3A%2F%2Fwww.lolaaviamentos.com.br%2Fprodutos%2Ftela-de-poliester-mesh-7dmsd%2F&media=https%3A%2F%2Facdn-us.mitiendanube.com%2Fstores%2F001%2F720%2F481%2Fproducts%2Fmesh-detalhe-01-1000px-x-1000px-a12d9fd97a6c2e8cc017543105041471-480-0.webp&description=","","0","Blocked by robots.txt","Non-Indexable","Blocked by robots.txt","2","","",""
"https://acdn-us.mitiendanube.com/stores/001/720/481/products/mesh-1000px-x-1000px-4ee8d7b29fb9aa8add17543105041473-50-0.webp","image/webp","200","OK","Indexable","","0","0.201","",""
"https://acdn-us.mitiendanube.com/stores/001/720/481/products/mesh-1000px-x-1000px-05-abc37662825050afa617543105038512-50-0.webp","image/webp","200","OK","Indexable","","0","0.131","",""
"https://acdn-us.mitiendanube.com/stores/001/720/481/products/mesh-1000px-x-1000px-03-a04848b6f85956384317543105034996-50-0.webp","image/webp","200","OK","Indexable","","0","0.120","",""
"https://twitter.com/share?url=https://www.lolaaviamentos.com.br/produtos/tela-de-poliester-mesh-7dmsd/","text/html; charset=utf-8","301","Moved Permanently","Non-Indexable","Redirected","2","0.330","https://x.com/share?url=https://www.lolaaviamentos.com.br/produtos/tela-de-poliester-mesh-7dmsd/","HTTP Redirect"
"https://acdn-us.mitiendanube.com/stores/001/720/481/products/mesh-1000px-x-1000px-03-a04848b6f85956384317543105034996-1024-1024.webp","image/webp","200","OK","Indexable","","2","0.130","",""
"https://acdn-us.mitiendanube.com/stores/001/720/481/products/mesh-1000px-x-1000px-4ee8d7b29fb9aa8add17543105041473-1024-1024.webp","image/webp","200","OK","Indexable","","2","0.133","",""
"https://acdn-us.mitiendanube.com/stores/001/720/481/products/mesh-detalhe-01-1000px-x-1000px-a12d9fd97a6c2e8cc017543105041471-1024-1024.webp","image/webp","200","OK","Indexable","","2","0.154","",""
"https://www.lolaaviamentos.com.br/produtos/cortador-amostras/","text/html; charset=UTF-8","200","OK","Indexable","","46","0.475","",""
"https://acdn-us.mitiendanube.com/stores/001/720/481/products/mesh-1000px-x-1000px-05-abc37662825050afa617543105038512-1024-1024.webp","image/webp","200","OK","Indexable","","2","0.129","",""
"https://acdn-us.mitiendanube.com/stores/001/720/481/products/mesh-detalhe-01-1000px-x-1000px-a12d9fd97a6c2e8cc017543105041471-50-0.webp","image/webp","200","OK","Indexable","","0","0.139","",""
"http://pinterest.com/pin/create/button/?url=https%3A%2F%2Fwww.lolaaviamentos.com.br%2Fprodutos%2Fentretela-dupla-face-90cm-50m%2F&media=https%3A%2F%2Facdn-us.mitiendanube.com%2Fstores%2F001%2F720%2F481%2Fproducts%2Fedf-90-cm-7d00a5aec6cd60b64a17550027225396-480-0.webp&description=","","0","Blocked by robots.txt","Non-Indexable","Blocked by robots.txt","1","","",""
"https://www.facebook.com/sharer/sharer.php?u=https://www.lolaaviamentos.com.br/produtos/entretela-dupla-face-90cm-50m/","","0","Blocked by robots.txt","Non-Indexable","Blocked by robots.txt","1","","",""
"https://acdn-us.mitiendanube.com/stores/001/720/481/products/edf-90-cm-7d00a5aec6cd60b64a17550027225396-50-0.webp","image/webp","200","OK","Indexable","","0","0.141","",""
"https://twitter.com/share?url=https://www.lolaaviamentos.com.br/produtos/entretela-dupla-face-90cm-50m/","text/html; charset=utf-8","301","Moved Permanently","Non-Indexable","Redirected","1","0.303","https://x.com/share?url=https://www.lolaaviamentos.com.br/produtos/entretela-dupla-face-90cm-50m/","HTTP Redirect"
"https://acdn-us.mitiendanube.com/stores/001/720/481/products/edf-90-cm-7d00a5aec6cd60b64a17550027225396-1024-1024.webp","image/webp","200","OK","Indexable","","1","0.154","",""
"https://acdn-us.mitiendanube.com/stores/001/720/481/products/edf-40-972d3171171ded385417558061780946-1024-1024.webp","image/webp","200","OK","Indexable","","1","0.153","",""
"https://acdn-us.mitiendanube.com/stores/001/720/481/products/edf-40-972d3171171ded385417558061780946-50-0.webp","image/webp","200","OK","Indexable","","0","0.143","",""
"https://www.lolaaviamentos.com.br/produtos/tela-de-poliester-ltn-130g-155-x-100m1/","text/html; charset=UTF-8","200","OK","Indexable","","66","0.760","",""
"https://www.lolaaviamentos.com.br/produtos/entretela-de-malha-termocolante-60g-lab-203-204/","text/html; charset=UTF-8","200","OK","Indexable","","73","0.127","",""
"https://www.lolaaviamentos.com.br/filme/","text/html; charset=UTF-8","200","OK","Indexable","","21","0.517","",""
"https://acdn-us.mitiendanube.com/stores/001/720/481/products/dupla-face-03-73a05432392d98ab9a17537248691081-50-0.webp","image/webp","200","OK","Indexable","","0","0.152","",""
"https://acdn-us.mitiendanube.com/stores/001/720/481/products/dupla-face-03-73a05432392d98ab9a17537248691081-1024-1024.webp","image/webp","200","OK","Indexable","","2","0.167","",""
"https://www.lolaaviamentos.com.br/produtos/entretela-de-malha-termocolante-40g-lab-501-502/","text/html; charset=UTF-8","200","OK","Indexable","","73","0.507","",""
"https://www.lolaaviamentos.com.br/https-www-lolaaviamentos-com-br-produtos-filme-plastico-magico-para-bordado-45g/","text/html; charset=UTF-8","200","OK","Indexable","","41","0.559","",""
"https://twitter.com/share?url=https://www.lolaaviamentos.com.br/produtos/kit-fita-dupla-face-19mm-x-30m-fd-01/","text/html; charset=utf-8","301","Moved Permanently","Non-Indexable","Redirected","2","0.338","https://x.com/share?url=https://www.lolaaviamentos.com.br/produtos/kit-fita-dupla-face-19mm-x-30m-fd-01/","HTTP Redirect"
"http://pinterest.com/pin/create/button/?url=https%3A%2F%2Fwww.lolaaviamentos.com.br%2Fprodutos%2Fkit-fita-dupla-face-19mm-x-30m-fd-01%2F&media=https%3A%2F%2Facdn-us.mitiendanube.com%2Fstores%2F001%2F720%2F481%2Fproducts%2Fdupla-face-03-73a05432392d98ab9a17537248691081-480-0.webp&description=","","0","Blocked by robots.txt","Non-Indexable","Blocked by robots.txt","2","","",""
"https://www.facebook.com/sharer/sharer.php?u=https://www.lolaaviamentos.com.br/produtos/kit-fita-dupla-face-19mm-x-30m-fd-01/","","0","Blocked by robots.txt","Non-Indexable","Blocked by robots.txt","2","","",""
"https://www.lolaaviamentos.com.br/produtos/vies-tecido-fosco-preto-20mm-6000m/","text/html; charset=UTF-8","200","OK","Indexable","","53","0.567","",""
"https://www.lolaaviamentos.com.br/produtos/botao-de-forrar-encapar-para-bone-13mm-1000un/","text/html; charset=UTF-8","200","OK","Indexable","","63","0.684","",""
"https://www.lolaaviamentos.com.br/produtos/vies-tecido-fosco-preto-27mm-6000m/","text/html; charset=UTF-8","200","OK","Indexable","","86","0.547","",""
"https://acdn-us.mitiendanube.com/stores/001/720/481/products/suede_marrom-710249b70818bfe56317543185706361-50-0.webp","image/webp","200","OK","Indexable","","0","0.135","",""
"https://acdn-us.mitiendanube.com/stores/001/720/481/products/suede-04-85e7481a64926da86b17543185703651-50-0.webp","image/webp","200","OK","Indexable","","0","0.199","",""
"https://acdn-us.mitiendanube.com/stores/001/720/481/products/suede_marrom-710249b70818bfe56317543185706361-1024-1024.webp","image/webp","200","OK","Indexable","","1","0.185","",""
"https://www.facebook.com/sharer/sharer.php?u=https://www.lolaaviamentos.com.br/produtos/tecido-suede-160g/","","0","Blocked by robots.txt","Non-Indexable","Blocked by robots.txt","1","","",""
"https://www.lolaaviamentos.com.br/produtos/aba-plastica-para-bone-curva-20kg-ab-80/","text/html; charset=UTF-8","200","OK","Indexable","","45","0.858","",""
"https://acdn-us.mitiendanube.com/stores/001/720/481/products/suede_off_white-92f309c62dbf34871c17543185706137-1024-1024.webp","image/webp","200","OK","Indexable","","1","0.217","",""
"https://acdn-us.mitiendanube.com/stores/001/720/481/products/suede_preto-0aa353788776f1f05f17543185706213-1024-1024.webp","image/webp","200","OK","Indexable","","1","0.198","",""
"https://www.lolaaviamentos.com.br/produtos/aba-plastica-para-bone-curva-196kg-ab-60/","text/html; charset=UTF-8","200","OK","Indexable","","66","0.947","",""
"https://www.lolaaviamentos.com.br/produtos/kit-fita-dupla-face-19mm-x-30m-fd-01/","text/html; charset=UTF-8","200","OK","Indexable","","53","0.553","",""
"http://pinterest.com/pin/create/button/?url=https%3A%2F%2Fwww.lolaaviamentos.com.br%2Fprodutos%2Ftecido-suede-160g%2F&media=https%3A%2F%2Facdn-us.mitiendanube.com%2Fstores%2F001%2F720%2F481%2Fproducts%2Fsuede-04-85e7481a64926da86b17543185703651-480-0.webp&description=","","0","Blocked by robots.txt","Non-Indexable","Blocked by robots.txt","1","","",""
"https://acdn-us.mitiendanube.com/stores/001/720/481/products/suede-04-85e7481a64926da86b17543185703651-1024-1024.webp","image/webp","200","OK","Indexable","","1","0.127","",""
"https://acdn-us.mitiendanube.com/stores/001/720/481/products/suede_caramelo-260c6d996de39c045e17543185707174-1024-1024.webp","image/webp","200","OK","Indexable","","1","0.129","",""
"https://acdn-us.mitiendanube.com/stores/001/720/481/products/suede_caramelo-260c6d996de39c045e17543185707174-50-0.webp","image/webp","200","OK","Indexable","","0","0.118","",""
"https://acdn-us.mitiendanube.com/stores/001/720/481/products/suede_off_white-92f309c62dbf34871c17543185706137-50-0.webp","image/webp","200","OK","Indexable","","0","0.122","",""
"https://acdn-us.mitiendanube.com/stores/001/720/481/products/suede_preto-0aa353788776f1f05f17543185706213-50-0.webp","image/webp","200","OK","Indexable","","0","0.106","",""
"https://acdn-us.mitiendanube.com/stores/001/720/481/products/lepo-2e90142e5527220a6c17540787267643-1024-1024.webp","image/webp","200","OK","Indexable","","1","0.127","",""
"https://acdn-us.mitiendanube.com/stores/001/720/481/products/foto-lepo-02-30838e0da3682eccb617540787323070-50-0.webp","image/webp","200","OK","Indexable","","0","0.142","",""
"https://acdn-us.mitiendanube.com/stores/001/720/481/products/foto-lepo-01-63335431dd5deea30317567460249832-1024-1024.webp","image/webp","200","OK","Indexable","","1","0.133","",""
"https://acdn-us.mitiendanube.com/stores/001/720/481/products/foto-lepo-01-63335431dd5deea30317567460249832-50-0.webp","image/webp","200","OK","Indexable","","0","0.121","",""
"http://pinterest.com/pin/create/button/?url=https%3A%2F%2Fwww.lolaaviamentos.com.br%2Fprodutos%2Fentretela-para-bordado-toque-macio-40g-90cm-100m%2F&media=https%3A%2F%2Facdn-us.mitiendanube.com%2Fstores%2F001%2F720%2F481%2Fproducts%2Ffoto-lepo-01-63335431dd5deea30317567460249832-480-0.webp&description=","","0","Blocked by robots.txt","Non-Indexable","Blocked by robots.txt","1","","",""
"https://acdn-us.mitiendanube.com/stores/001/720/481/products/lec-branca-30cm-f0050dbd0f6488fd7c17567460158771-1024-1024.webp","image/webp","200","OK","Indexable","","1","0.121","",""
"https://www.facebook.com/sharer/sharer.php?u=https://www.lolaaviamentos.com.br/produtos/entretela-para-bordado-toque-macio-40g-90cm-100m/","","0","Blocked by robots.txt","Non-Indexable","Blocked by robots.txt","1","","",""
"https://twitter.com/share?url=https://www.lolaaviamentos.com.br/produtos/tecido-suede-160g/","text/html; charset=utf-8","301","Moved Permanently","Non-Indexable","Redirected","1","0.377","https://x.com/share?url=https://www.lolaaviamentos.com.br/produtos/tecido-suede-160g/","HTTP Redirect"
"https://acdn-us.mitiendanube.com/stores/001/720/481/products/lepo-2e90142e5527220a6c17540787267643-50-0.webp","image/webp","200","OK","Indexable","","0","0.130","",""
"https://twitter.com/share?url=https://www.lolaaviamentos.com.br/produtos/entretela-para-bordado-toque-macio-40g-90cm-100m/","text/html; charset=utf-8","301","Moved Permanently","Non-Indexable","Redirected","1","0.289","https://x.com/share?url=https://www.lolaaviamentos.com.br/produtos/entretela-para-bordado-toque-macio-40g-90cm-100m/","HTTP Redirect"
"https://acdn-us.mitiendanube.com/stores/001/720/481/products/foto-lepo-02-30838e0da3682eccb617540787323070-1024-1024.webp","image/webp","200","OK","Indexable","","1","0.132","",""
"https://acdn-us.mitiendanube.com/stores/001/720/481/products/lec-branca-30cm-f0050dbd0f6488fd7c17567460158771-50-0.webp","image/webp","200","OK","Indexable","","0","0.130","",""
"https://acdn-us.mitiendanube.com/stores/001/720/481/categories/entretela-memoria-220-x-1580px-opcao-01-46e33cc38ae8441d9017543381611393-240-0.jpg","image/jpeg","200","OK","Indexable","","0","0.120","",""
"https://www.lolaaviamentos.com.br/produtos/entretela-cavalinho-de-memoria-termocolante-branca-285g-16-100m/","text/html; charset=UTF-8","200","OK","Indexable","","40","0.538","",""
"https://www.lolaaviamentos.com.br/produtos/entretela-cavalinho-de-memoria-termocolante-preta-290g-16-x-100m/","text/html; charset=UTF-8","200","OK","Indexable","","37","0.605","",""
"https://www.lolaaviamentos.com.br/produtos/entretela-cavalinho-de-memoria-termocolante-branca-270g-16-100m/","text/html; charset=UTF-8","200","OK","Indexable","","44","0.634","",""
"https://www.lolaaviamentos.com.br/produtos/entretela-cavalinho-de-memoria-branca-235g-sem-cola/","text/html; charset=UTF-8","200","OK","Indexable","","40","0.594","",""
"https://www.lolaaviamentos.com.br/produtos/entretela-cavalinho-de-memoria-termocolante-branca-220g-15-100m/","text/html; charset=UTF-8","200","OK","Indexable","","44","0.680","",""
"https://www.lolaaviamentos.com.br/produtos/entretelas-tecido-de-algodao-termocolante-etp-15m-x-100m/","text/html; charset=UTF-8","200","OK","Indexable","","49","0.086","",""
"https://acdn-us.mitiendanube.com/stores/001/720/481/products/fh-10-aplicacao-01-1-e93d3c69ab89e0716217720270410355-50-0.webp","image/webp","200","OK","Indexable","","0","0.149","",""
"https://www.facebook.com/sharer/sharer.php?u=https://www.lolaaviamentos.com.br/produtos/filme-hidrossoluvel-para-bordado-40g-fh-10-15sed/","","0","Blocked by robots.txt","Non-Indexable","Blocked by robots.txt","1","","",""
"https://acdn-us.mitiendanube.com/stores/001/720/481/products/fh-10-aplicacao-02-1-7799112ac37be85e6617720270410892-50-0.webp","image/webp","200","OK","Indexable","","0","0.116","",""
"https://acdn-us.mitiendanube.com/stores/001/720/481/products/fh-10-aplicacao-01-1-e93d3c69ab89e0716217720270410355-1024-1024.webp","image/webp","200","OK","Indexable","","1","0.125","",""
"http://pinterest.com/pin/create/button/?url=https%3A%2F%2Fwww.lolaaviamentos.com.br%2Fprodutos%2Ffilme-hidrossoluvel-para-bordado-40g-fh-10-15sed%2F&media=https%3A%2F%2Facdn-us.mitiendanube.com%2Fstores%2F001%2F720%2F481%2Fproducts%2Ffh-10-1-c53a6f956131cf9c2c17720270407516-480-0.webp&description=","","0","Blocked by robots.txt","Non-Indexable","Blocked by robots.txt","1","","",""
"https://www.lolaaviamentos.com.br/produtos/entretela-de-tnt-micro-ponto-termocolante-30g-lab-401-402/","text/html; charset=UTF-8","200","OK","Indexable","","48","0.556","",""
"https://acdn-us.mitiendanube.com/stores/001/720/481/products/fh-10-1-c53a6f956131cf9c2c17720270407516-50-0.webp","image/webp","200","OK","Indexable","","0","0.119","",""
"https://www.lolaaviamentos.com.br/produtos/entretela-de-tnt-micro-ponto-termocolante-40g-lab-403-404/","text/html; charset=UTF-8","200","OK","Indexable","","54","0.535","",""
"https://acdn-us.mitiendanube.com/stores/001/720/481/products/fh-10-aplicacao-02-1-7799112ac37be85e6617720270410892-1024-1024.webp","image/webp","200","OK","Indexable","","1","0.136","",""
"https://acdn-us.mitiendanube.com/stores/001/720/481/products/fh-10-1-c53a6f956131cf9c2c17720270407516-1024-1024.webp","image/webp","200","OK","Indexable","","1","0.130","",""
"https://www.lolaaviamentos.com.br/produtos/entretela-de-tnt-micro-ponto-termocolante-50g-lab-405-406/","text/html; charset=UTF-8","200","OK","Indexable","","48","0.591","",""
"https://www.lolaaviamentos.com.br/produtos/entretela-hidrossoluvel-para-bordado-40g-157-100m/","text/html; charset=UTF-8","200","OK","Indexable","","38","0.560","",""
"https://twitter.com/share?url=https://www.lolaaviamentos.com.br/produtos/filme-hidrossoluvel-para-bordado-40g-fh-10-15sed/","text/html; charset=utf-8","301","Moved Permanently","Non-Indexable","Redirected","1","0.292","https://x.com/share?url=https://www.lolaaviamentos.com.br/produtos/filme-hidrossoluvel-para-bordado-40g-fh-10-15sed/","HTTP Redirect"
"https://www.lolaaviamentos.com.br/produtos/entretela-de-tecido-plano-termocolante-30g-lab-101-102/","text/html; charset=UTF-8","200","OK","Indexable","","44","0.097","",""
"https://www.lolaaviamentos.com.br/produtos/entretela-de-tecido-plano-termocolante-60g-lab-601-602/","text/html; charset=UTF-8","200","OK","Indexable","","41","0.701","",""
"https://www.lolaaviamentos.com.br/produtos/vies-tecido-fosco-55mm-carneira-18ql1/","text/html; charset=UTF-8","200","OK","Indexable","","39","0.581","",""
"https://www.lolaaviamentos.com.br/produtos/entretela-de-malha-termocolante-45g-lab-701-702/","text/html; charset=UTF-8","200","OK","Indexable","","59","0.578","",""
"https://www.lolaaviamentos.com.br/produtos/entretela-de-malha-termocolante-60g-lab-503-504/","text/html; charset=UTF-8","200","OK","Indexable","","70","0.655","",""
"https://www.lolaaviamentos.com.br/produtos/entretela-de-malha-termocolante-40g-150m-x-100m1/","text/html; charset=UTF-8","200","OK","Indexable","","59","0.603","",""
"https://www.lolaaviamentos.com.br/produtos/entretela-de-malha-termocolante-60g-160m-x-100m1/","text/html; charset=UTF-8","200","OK","Indexable","","59","0.569","",""
"https://www.lolaaviamentos.com.br/produtos/entretela-de-malha-termocolante-40g-lab-201-202/","text/html; charset=UTF-8","200","OK","Indexable","","63","0.580","",""
"https://www.lolaaviamentos.com.br/produtos/entretela-de-malha-termocolante-80g-lab-901-902/","text/html; charset=UTF-8","200","OK","Indexable","","59","0.604","",""
"https://acdn-us.mitiendanube.com/stores/001/720/481/categories/banner_site_lola_filme_1580x2201-c2dd96fd6434abeb7816275786673355-240-0.jpg","image/jpeg","200","OK","Indexable","","0","0.133","",""
"https://acdn-us.mitiendanube.com/stores/001/720/481/products/lab-preta-15m-rolo-1-6b31408bb7abef6e4017550940307200-1024-1024.webp","image/webp","200","OK","Indexable","","1","0.113","",""
"https://acdn-us.mitiendanube.com/stores/001/720/481/products/lab-preto-e-branco-rolo-c0571e7b2a7fd74f9817550940307248-1024-1024.webp","image/webp","200","OK","Indexable","","1","0.116","",""
"https://acdn-us.mitiendanube.com/stores/001/720/481/products/lab-preto-e-branco-rolo-c0571e7b2a7fd74f9817550940307248-50-0.webp","image/webp","200","OK","Indexable","","0","0.129","",""
"https://acdn-us.mitiendanube.com/stores/001/720/481/products/lab-off-white-30-cm-1000-x-1000px-1-c5f487ba2aab077a7717579462874145-50-0.webp","image/webp","200","OK","Indexable","","0","0.116","",""
"https://www.facebook.com/sharer/sharer.php?u=https://www.lolaaviamentos.com.br/produtos/entretela-de-tnt-micro-ponto-termocolante-70g-lab-407-408/","","0","Blocked by robots.txt","Non-Indexable","Blocked by robots.txt","1","","",""
"https://www.lolaaviamentos.com.br/produtos/aba-plastica-para-bone-curva-20kg-ab-230/","text/html; charset=UTF-8","200","OK","Indexable","","60","0.973","",""
"https://acdn-us.mitiendanube.com/stores/001/720/481/products/lab-branco-15m-rolo-20f076366d473a660e17550940306256-50-0.webp","image/webp","200","OK","Indexable","","0","0.130","",""
"https://acdn-us.mitiendanube.com/stores/001/720/481/products/lab-branco-15m-rolo-20f076366d473a660e17550940306256-1024-1024.webp","image/webp","200","OK","Indexable","","1","0.127","",""
"https://acdn-us.mitiendanube.com/stores/001/720/481/products/lab-preto-30-cm-1000-x-1000px-1-42cc6925a0b12456c317579462871237-1024-1024.webp","image/webp","200","OK","Indexable","","1","0.126","",""
"http://pinterest.com/pin/create/button/?url=https%3A%2F%2Fwww.lolaaviamentos.com.br%2Fprodutos%2Fentretela-de-tnt-micro-ponto-termocolante-70g-lab-407-408%2F&media=https%3A%2F%2Facdn-us.mitiendanube.com%2Fstores%2F001%2F720%2F481%2Fproducts%2Flab-preto-e-branco-rolo-c0571e7b2a7fd74f9817550940307248-480-0.webp&description=","","0","Blocked by robots.txt","Non-Indexable","Blocked by robots.txt","1","","",""
"https://www.lolaaviamentos.com.br/produtos/aba-plastica-para-bone-curva-196kg-ab-50/","text/html; charset=UTF-8","200","OK","Indexable","","50","0.878","",""
"https://acdn-us.mitiendanube.com/stores/001/720/481/products/lab-off-white-30-cm-1000-x-1000px-1-c5f487ba2aab077a7717579462874145-1024-1024.webp","image/webp","200","OK","Indexable","","1","0.139","",""
"https://acdn-us.mitiendanube.com/stores/001/720/481/products/lab-preto-30-cm-1000-x-1000px-1-42cc6925a0b12456c317579462871237-50-0.webp","image/webp","200","OK","Indexable","","0","0.136","",""
"https://acdn-us.mitiendanube.com/stores/001/720/481/products/lab-preta-15m-rolo-1-6b31408bb7abef6e4017550940307200-50-0.webp","image/webp","200","OK","Indexable","","0","0.128","",""
"https://twitter.com/share?url=https://www.lolaaviamentos.com.br/produtos/entretela-de-tnt-micro-ponto-termocolante-70g-lab-407-408/","text/html; charset=utf-8","301","Moved Permanently","Non-Indexable","Redirected","1","0.304","https://x.com/share?url=https://www.lolaaviamentos.com.br/produtos/entretela-de-tnt-micro-ponto-termocolante-70g-lab-407-408/","HTTP Redirect"
"https://acdn-us.mitiendanube.com/stores/001/720/481/products/lab-branco-15m-rolo-761ae2bf3c1bd9b77417550943725967-50-0.webp","image/webp","200","OK","Indexable","","0","0.145","",""
"https://acdn-us.mitiendanube.com/stores/001/720/481/categories/banner_site_lola_insumos_1580x220-2330ab4867473ad66f16275786098118-240-0.jpg","image/jpeg","200","OK","Indexable","","0","0.154","",""
"https://acdn-us.mitiendanube.com/stores/001/720/481/products/lab-preto-30-cm-1000-x-1000px-1-5ead7843afe8d924b017579464796530-1024-1024.webp","image/webp","200","OK","Indexable","","1","0.164","",""
"https://www.facebook.com/sharer/sharer.php?u=https://www.lolaaviamentos.com.br/produtos/entretela-de-tnt-micro-ponto-termocolante-60g-lab-409-410/","","0","Blocked by robots.txt","Non-Indexable","Blocked by robots.txt","1","","",""
"https://www.facebook.com/sharer/sharer.php?u=https://www.lolaaviamentos.com.br/produtos/entretelas-tecido-de-algodao-termocolante-etp-15m-x-100m/","","0","Blocked by robots.txt","Non-Indexable","Blocked by robots.txt","2","","",""
"https://acdn-us.mitiendanube.com/stores/001/720/481/products/lab-off-white-30-cm-1000-x-1000px-1-9b3965079e6817575217579464797208-1024-1024.webp","image/webp","200","OK","Indexable","","1","0.156","",""
"https://acdn-us.mitiendanube.com/stores/001/720/481/products/etp-01-ded245459e1df7345c17564917484542-50-0.webp","image/webp","200","OK","Indexable","","0","0.160","",""
"https://acdn-us.mitiendanube.com/stores/001/720/481/products/etp-02-a16df010f779c96e4617564917490396-1024-1024.webp","image/webp","200","OK","Indexable","","2","0.154","",""
"https://acdn-us.mitiendanube.com/stores/001/720/481/products/etp-03-48ecbda6d223cf0b8a17564917487314-50-0.webp","image/webp","200","OK","Indexable","","0","0.123","",""
"https://twitter.com/share?url=https://www.lolaaviamentos.com.br/produtos/entretela-de-tnt-micro-ponto-termocolante-60g-lab-409-410/","text/html; charset=utf-8","301","Moved Permanently","Non-Indexable","Redirected","1","0.299","https://x.com/share?url=https://www.lolaaviamentos.com.br/produtos/entretela-de-tnt-micro-ponto-termocolante-60g-lab-409-410/","HTTP Redirect"
"https://www.lolaaviamentos.com.br/produtos/maquina-de-pregar-botao-automatica-bp-1000/","text/html; charset=UTF-8","200","OK","Indexable","","61","0.081","",""
"https://www.lolaaviamentos.com.br/produtos/botao-de-forrar-encapar-para-bone-15mm-1-000un-1rtwf/","text/html; charset=UTF-8","200","OK","Indexable","","41","0.627","",""
"https://acdn-us.mitiendanube.com/stores/001/720/481/categories/banner_site_lola_maquinas_1580x220-7941ba742ba4268db016275785945985-240-0.jpg","image/jpeg","200","OK","Indexable","","0","0.142","",""
"https://www.lolaaviamentos.com.br/produtos/maquina-de-dublagem-de-bones-por-moldes-hpw-2/","text/html; charset=UTF-8","200","OK","Indexable","","55","0.532","",""
"https://www.lolaaviamentos.com.br/produtos/maquina-manual-de-coformar-bones/","text/html; charset=UTF-8","200","OK","Indexable","","58","0.566","",""
"https://www.lolaaviamentos.com.br/produtos/maquina-de-conformar-bones/","text/html; charset=UTF-8","200","OK","Indexable","","55","0.516","",""
"https://www.lolaaviamentos.com.br/produtos/maquina-transfer-mt-1500/","text/html; charset=UTF-8","200","OK","Indexable","","58","0.651","",""
"https://www.lolaaviamentos.com.br/produtos/base-maquina-transfer-mt-1500/","text/html; charset=UTF-8","200","OK","Indexable","","52","0.669","",""
"https://www.lolaaviamentos.com.br/produtos/maquina-de-encapar-botao-semi/","text/html; charset=UTF-8","200","OK","Indexable","","54","0.706","",""
"https://acdn-us.mitiendanube.com/stores/001/720/481/products/regulador-vinho-1000x-x-1000px-reg-26-903416723eb2dfc7a917545135321084-1024-1024.webp","image/webp","200","OK","Indexable","","1","0.141","",""
"https://www.lolaaviamentos.com.br/produtos/maquina-de-passadoria/","text/html; charset=UTF-8","200","OK","Indexable","","52","0.560","",""
"https://acdn-us.mitiendanube.com/stores/001/720/481/products/regulador-vinho-1000x-x-1000px-reg-26-903416723eb2dfc7a917545135321084-50-0.webp","image/webp","200","OK","Indexable","","0","0.195","",""
"https://www.lolaaviamentos.com.br/produtos/maquina-de-costura-na-aba-reta-automatica-filigrana-mca-2500/","text/html; charset=UTF-8","200","OK","Indexable","","55","0.495","",""
"http://pinterest.com/pin/create/button/?url=https%3A%2F%2Fwww.lolaaviamentos.com.br%2Fprodutos%2Fregulador-plastico-para-bone-1000-un%2F&media=https%3A%2F%2Facdn-us.mitiendanube.com%2Fstores%2F001%2F720%2F481%2Fproducts%2Freg-visao-de-cima-misturado-1000x1000px-5a5677a6244ffaf07d17545138287246-480-0.webp&description=","","0","Blocked by robots.txt","Non-Indexable","Blocked by robots.txt","1","","",""
"https://acdn-us.mitiendanube.com/stores/001/720/481/products/regulador-vermelho-1000x-x-1000px-reg-04-16fc16190c8d1ee13a17545135320278-1024-1024.webp","image/webp","200","OK","Indexable","","1","0.139","",""
"https://acdn-us.mitiendanube.com/stores/001/720/481/products/regulador-caqui-1000x-x-1000px-reg-19-84d9907547b54b23e717545135319521-1024-1024.webp","image/webp","200","OK","Indexable","","1","0.148","",""
"https://www.facebook.com/sharer/sharer.php?u=https://www.lolaaviamentos.com.br/produtos/regulador-plastico-para-bone-1000-un/","","0","Blocked by robots.txt","Non-Indexable","Blocked by robots.txt","1","","",""
"https://acdn-us.mitiendanube.com/stores/001/720/481/products/regulador-grafite-1000px-1000px-reg-24-71881fb054838e0b5417545135316555-50-0.webp","image/webp","200","OK","Indexable","","0","0.131","",""
"https://acdn-us.mitiendanube.com/stores/001/720/481/products/regulador-preto-1000x-x-1000px-reg-09-7fe93f9ae5a7ced14317545135318647-1024-1024.webp","image/webp","200","OK","Indexable","","1","0.153","",""
"https://acdn-us.mitiendanube.com/stores/001/720/481/products/regulador-caqui-1000x-x-1000px-reg-19-84d9907547b54b23e717545135319521-50-0.webp","image/webp","200","OK","Indexable","","0","0.152","",""
"https://acdn-us.mitiendanube.com/stores/001/720/481/products/regulador-preto-1000x-x-1000px-reg-09-7fe93f9ae5a7ced14317545135318647-50-0.webp","image/webp","200","OK","Indexable","","0","0.142","",""
"https://acdn-us.mitiendanube.com/stores/001/720/481/products/regulador-verde-militar-1000x-x-1000px-reg-27-3dde6d52f5b3b92cc817545135316931-50-0.webp","image/webp","200","OK","Indexable","","0","0.118","",""
"https://acdn-us.mitiendanube.com/stores/001/720/481/products/reg-visao-de-cima-misturado-1000x1000px-5a5677a6244ffaf07d17545138287246-50-0.webp","image/webp","200","OK","Indexable","","0","0.143","",""
"https://acdn-us.mitiendanube.com/stores/001/720/481/products/reg-visao-de-cima-misturado-1000x1000px-5a5677a6244ffaf07d17545138287246-1024-1024.webp","image/webp","200","OK","Indexable","","1","0.132","",""
"https://acdn-us.mitiendanube.com/stores/001/720/481/products/regulador-vermelho-1000x-x-1000px-reg-04-16fc16190c8d1ee13a17545135320278-50-0.webp","image/webp","200","OK","Indexable","","0","0.139","",""
"https://acdn-us.mitiendanube.com/stores/001/720/481/products/regulador-cinza-claro-1000x-x-1000px-reg-20-e0cefd653c82388bca17545135318224-1024-1024.webp","image/webp","200","OK","Indexable","","1","0.136","",""
"https://acdn-us.mitiendanube.com/stores/001/720/481/products/regulador-branco-1000x-x-1000px-reg-10-e352e7a9f56912429b17545135316751-1024-1024.webp","image/webp","200","OK","Indexable","","1","0.134","",""
"https://acdn-us.mitiendanube.com/stores/001/720/481/products/regulador-verde-militar-1000x-x-1000px-reg-27-3dde6d52f5b3b92cc817545135316931-1024-1024.webp","image/webp","200","OK","Indexable","","1","0.139","",""
"https://acdn-us.mitiendanube.com/stores/001/720/481/products/regulador-cinza-claro-1000x-x-1000px-reg-20-e0cefd653c82388bca17545135318224-50-0.webp","image/webp","200","OK","Indexable","","0","0.143","",""
"https://acdn-us.mitiendanube.com/stores/001/720/481/products/regulador-branco-1000x-x-1000px-reg-10-e352e7a9f56912429b17545135316751-50-0.webp","image/webp","200","OK","Indexable","","0","0.140","",""
"https://acdn-us.mitiendanube.com/stores/001/720/481/products/regulador-grafite-1000px-1000px-reg-24-71881fb054838e0b5417545135316555-1024-1024.webp","image/webp","200","OK","Indexable","","1","0.132","",""
"https://acdn-us.mitiendanube.com/stores/001/720/481/products/lt-18-marrom-969c82b168b8b6e8b517550041371169-50-0.webp","image/webp","200","OK","Indexable","","0","0.115","",""
"https://twitter.com/share?url=https://www.lolaaviamentos.com.br/produtos/regulador-plastico-para-bone-1000-un/","text/html; charset=utf-8","301","Moved Permanently","Non-Indexable","Redirected","1","0.352","https://x.com/share?url=https://www.lolaaviamentos.com.br/produtos/regulador-plastico-para-bone-1000-un/","HTTP Redirect"
"https://acdn-us.mitiendanube.com/stores/001/720/481/products/lt-09-preto-ae29eb09d4c74d3d9e17550041369630-1024-1024.webp","image/webp","200","OK","Indexable","","1","0.127","",""
"https://acdn-us.mitiendanube.com/stores/001/720/481/products/lt-05-verde-5d5abd652e16ec569617550041367496-50-0.webp","image/webp","200","OK","Indexable","","0","0.121","",""
"https://acdn-us.mitiendanube.com/stores/001/720/481/products/lt-25-amarelo-e0b8a52aef29af914f17550041367862-1024-1024.webp","image/webp","200","OK","Indexable","","1","0.138","",""
"https://acdn-us.mitiendanube.com/stores/001/720/481/products/lt-25-amarelo-e0b8a52aef29af914f17550041367862-50-0.webp","image/webp","200","OK","Indexable","","0","0.119","",""
"https://acdn-us.mitiendanube.com/stores/001/720/481/products/lt-04-vermelho-e4cd314c816e722e8817550041370302-1024-1024.webp","image/webp","200","OK","Indexable","","1","0.144","",""
"https://acdn-us.mitiendanube.com/stores/001/720/481/products/lt12-azul-marinho-5b80b6a275b4c8d7ac17550041369679-1024-1024.webp","image/webp","200","OK","Indexable","","1","0.112","",""
"https://acdn-us.mitiendanube.com/stores/001/720/481/products/lt-23-caramelo-bea72d51252f9c5ae917550041370926-1024-1024.webp","image/webp","200","OK","Indexable","","1","0.126","",""
"https://acdn-us.mitiendanube.com/stores/001/720/481/products/lt-10-branco-be49d05feed277904017550041360672-1024-1024.webp","image/webp","200","OK","Indexable","","1","0.129","",""
"https://acdn-us.mitiendanube.com/stores/001/720/481/products/lt-24-grafite-dca8cd24a67bef628d17550041370272-50-0.webp","image/webp","200","OK","Indexable","","0","0.160","",""
"https://acdn-us.mitiendanube.com/stores/001/720/481/products/lt-27-verde-militar-8c03340a168c7bf2b817550041368261-50-0.webp","image/webp","200","OK","Indexable","","0","0.121","",""
"https://acdn-us.mitiendanube.com/stores/001/720/481/products/rolos-lt-1-20e7b8941cd800f3cb17550041346486-50-0.webp","image/webp","200","OK","Indexable","","0","0.132","",""
"https://acdn-us.mitiendanube.com/stores/001/720/481/products/lt-27-verde-militar-8c03340a168c7bf2b817550041368261-1024-1024.webp","image/webp","200","OK","Indexable","","1","0.140","",""
"https://acdn-us.mitiendanube.com/stores/001/720/481/products/lt-05-verde-5d5abd652e16ec569617550041367496-1024-1024.webp","image/webp","200","OK","Indexable","","1","0.149","",""
"https://acdn-us.mitiendanube.com/stores/001/720/481/products/lt-07-azul-royal-673bd03df64493814517550041370545-1024-1024.webp","image/webp","200","OK","Indexable","","1","0.130","",""
"https://acdn-us.mitiendanube.com/stores/001/720/481/products/lt-18-marrom-969c82b168b8b6e8b517550041371169-1024-1024.webp","image/webp","200","OK","Indexable","","1","0.126","",""
"https://acdn-us.mitiendanube.com/stores/001/720/481/products/lt-22-bege-33f5222a9be9c3a76c17550041369647-1024-1024.webp","image/webp","200","OK","Indexable","","1","0.135","",""
"https://acdn-us.mitiendanube.com/stores/001/720/481/products/lt-22-bege-33f5222a9be9c3a76c17550041369647-50-0.webp","image/webp","200","OK","Indexable","","0","0.126","",""
"https://www.facebook.com/sharer/sharer.php?u=https://www.lolaaviamentos.com.br/produtos/tela-de-poliester-105g-155-100m/","","0","Blocked by robots.txt","Non-Indexable","Blocked by robots.txt","1","","",""
"https://acdn-us.mitiendanube.com/stores/001/720/481/products/lt-19-caqui-6702bce28ee9e637a917550041370133-1024-1024.webp","image/webp","200","OK","Indexable","","1","0.130","",""
"https://acdn-us.mitiendanube.com/stores/001/720/481/products/lt-20-cinza-claro-f87b89cd33f23613b517550041368991-50-0.webp","image/webp","200","OK","Indexable","","0","0.133","",""
"https://acdn-us.mitiendanube.com/stores/001/720/481/products/lt-21-rosa-claro-6f0823b926ca2f614117550041368306-50-0.webp","image/webp","200","OK","Indexable","","0","0.163","",""
"https://acdn-us.mitiendanube.com/stores/001/720/481/products/lt-07-azul-royal-673bd03df64493814517550041370545-50-0.webp","image/webp","200","OK","Indexable","","0","0.164","",""
"https://acdn-us.mitiendanube.com/stores/001/720/481/products/lt-10-branco-be49d05feed277904017550041360672-50-0.webp","image/webp","200","OK","Indexable","","0","0.145","",""
"https://acdn-us.mitiendanube.com/stores/001/720/481/products/lt12-azul-marinho-5b80b6a275b4c8d7ac17550041369679-50-0.webp","image/webp","200","OK","Indexable","","0","0.111","",""
"https://acdn-us.mitiendanube.com/stores/001/720/481/products/lt-26-vinho-2e52bf83b9f484c2c517550041366872-50-0.webp","image/webp","200","OK","Indexable","","0","0.121","",""
"https://acdn-us.mitiendanube.com/stores/001/720/481/products/lt-23-caramelo-bea72d51252f9c5ae917550041370926-50-0.webp","image/webp","200","OK","Indexable","","0","0.125","",""
"https://acdn-us.mitiendanube.com/stores/001/720/481/products/lt-21-rosa-claro-6f0823b926ca2f614117550041368306-1024-1024.webp","image/webp","200","OK","Indexable","","1","0.139","",""
"https://acdn-us.mitiendanube.com/stores/001/720/481/products/rolos-lt-1-20e7b8941cd800f3cb17550041346486-1024-1024.webp","image/webp","200","OK","Indexable","","1","0.118","",""
"https://acdn-us.mitiendanube.com/stores/001/720/481/products/lt-20-cinza-claro-f87b89cd33f23613b517550041368991-1024-1024.webp","image/webp","200","OK","Indexable","","1","0.123","",""
"http://pinterest.com/pin/create/button/?url=https%3A%2F%2Fwww.lolaaviamentos.com.br%2Fprodutos%2Ftela-de-poliester-105g-155-100m%2F&media=https%3A%2F%2Facdn-us.mitiendanube.com%2Fstores%2F001%2F720%2F481%2Fproducts%2Frolos-lt-1-20e7b8941cd800f3cb17550041346486-480-0.webp&description=","","0","Blocked by robots.txt","Non-Indexable","Blocked by robots.txt","1","","",""
"https://acdn-us.mitiendanube.com/stores/001/720/481/products/lt-26-vinho-2e52bf83b9f484c2c517550041366872-1024-1024.webp","image/webp","200","OK","Indexable","","1","0.140","",""
"https://acdn-us.mitiendanube.com/stores/001/720/481/products/lt-19-caqui-6702bce28ee9e637a917550041370133-50-0.webp","image/webp","200","OK","Indexable","","0","0.155","",""
"https://acdn-us.mitiendanube.com/stores/001/720/481/products/lt-04-vermelho-e4cd314c816e722e8817550041370302-50-0.webp","image/webp","200","OK","Indexable","","0","0.144","",""
"https://twitter.com/share?url=https://www.lolaaviamentos.com.br/produtos/tela-de-poliester-105g-155-100m/","text/html; charset=utf-8","301","Moved Permanently","Non-Indexable","Redirected","1","0.313","https://x.com/share?url=https://www.lolaaviamentos.com.br/produtos/tela-de-poliester-105g-155-100m/","HTTP Redirect"
"https://acdn-us.mitiendanube.com/stores/001/720/481/products/lt-24-grafite-dca8cd24a67bef628d17550041370272-1024-1024.webp","image/webp","200","OK","Indexable","","1","0.147","",""
"https://acdn-us.mitiendanube.com/stores/001/720/481/products/lt-09-preto-ae29eb09d4c74d3d9e17550041369630-50-0.webp","image/webp","200","OK","Indexable","","0","0.159","",""
"https://acdn-us.mitiendanube.com/stores/001/720/481/categories/banner_site_lola_hidrossoluvel_1580x220-83aece2eea2e1697f916275832359457-240-0.jpg","image/jpeg","200","OK","Indexable","","0","0.126","",""
"https://acdn-us.mitiendanube.com/stores/001/720/481/products/lab-preta-15m-rolo-1-5e05d1774e1a4c85f917550943726202-1024-1024.webp","image/webp","200","OK","Indexable","","1","0.120","",""
"http://pinterest.com/pin/create/button/?url=https%3A%2F%2Fwww.lolaaviamentos.com.br%2Fprodutos%2Fentretela-de-tnt-micro-ponto-termocolante-60g-lab-409-410%2F&media=https%3A%2F%2Facdn-us.mitiendanube.com%2Fstores%2F001%2F720%2F481%2Fproducts%2Flab-preto-e-branco-rolo-21d7886e070768a9ae17550943724940-480-0.webp&description=","","0","Blocked by robots.txt","Non-Indexable","Blocked by robots.txt","1","","",""
"https://acdn-us.mitiendanube.com/stores/001/720/481/products/lab-branco-15m-rolo-761ae2bf3c1bd9b77417550943725967-1024-1024.webp","image/webp","200","OK","Indexable","","1","0.129","",""
"https://acdn-us.mitiendanube.com/stores/001/720/481/products/lab-off-white-30-cm-1000-x-1000px-1-9b3965079e6817575217579464797208-50-0.webp","image/webp","200","OK","Indexable","","0","0.114","",""
"https://acdn-us.mitiendanube.com/stores/001/720/481/products/lab-preta-15m-rolo-1-5e05d1774e1a4c85f917550943726202-50-0.webp","image/webp","200","OK","Indexable","","0","0.134","",""
"https://acdn-us.mitiendanube.com/stores/001/720/481/products/lab-preto-30-cm-1000-x-1000px-1-5ead7843afe8d924b017579464796530-50-0.webp","image/webp","200","OK","Indexable","","0","0.134","",""
"https://acdn-us.mitiendanube.com/stores/001/720/481/products/lab-preto-e-branco-rolo-21d7886e070768a9ae17550943724940-1024-1024.webp","image/webp","200","OK","Indexable","","1","0.144","",""
"https://acdn-us.mitiendanube.com/stores/001/720/481/products/lec-off-white-30cm-1-6c37a8a9c8101016ae17567353832641-1024-1024.webp","image/webp","200","OK","Indexable","","1","0.136","",""
"https://acdn-us.mitiendanube.com/stores/001/720/481/products/lab-preto-e-branco-rolo-21d7886e070768a9ae17550943724940-50-0.webp","image/webp","200","OK","Indexable","","0","0.162","",""
"https://acdn-us.mitiendanube.com/stores/001/720/481/products/lec-branco-2f763367efe26e17a617567352747246-50-0.webp","image/webp","200","OK","Indexable","","0","0.122","",""
"https://acdn-us.mitiendanube.com/stores/001/720/481/products/lec-off-white-5a7561d3460a55cee817567353833413-1024-1024.webp","image/webp","200","OK","Indexable","","1","0.130","",""
"https://acdn-us.mitiendanube.com/stores/001/720/481/products/lef-30-cm-8892c516ab12a49fe017550039642435-50-0.webp","image/webp","200","OK","Indexable","","0","0.145","",""
"https://www.facebook.com/sharer/sharer.php?u=https://www.lolaaviamentos.com.br/produtos/entretela-nao-tecido-para-bordado-rasgavel-70g-lec-70/","","0","Blocked by robots.txt","Non-Indexable","Blocked by robots.txt","1","","",""
"https://acdn-us.mitiendanube.com/stores/001/720/481/products/lec-off-white-30cm-1-6c37a8a9c8101016ae17567353832641-50-0.webp","image/webp","200","OK","Indexable","","0","0.117","",""
"https://acdn-us.mitiendanube.com/stores/001/720/481/products/lef-30-cm-8892c516ab12a49fe017550039642435-1024-1024.webp","image/webp","200","OK","Indexable","","1","0.125","",""
"https://acdn-us.mitiendanube.com/stores/001/720/481/products/rasgo-facil-c8ed5d64b12f052a0617567452643737-1024-1024.webp","image/webp","200","OK","Indexable","","1","0.105","",""
"https://acdn-us.mitiendanube.com/stores/001/720/481/products/lec-branca-01-d28804a62f1ee9181f17567353042023-50-0.webp","image/webp","200","OK","Indexable","","0","0.129","",""
"https://acdn-us.mitiendanube.com/stores/001/720/481/products/lec-branca-01-d28804a62f1ee9181f17567353042023-1024-1024.webp","image/webp","200","OK","Indexable","","1","0.112","",""
"https://acdn-us.mitiendanube.com/stores/001/720/481/products/lec-branco-2f763367efe26e17a617567352747246-1024-1024.webp","image/webp","200","OK","Indexable","","1","0.125","",""
"http://pinterest.com/pin/create/button/?url=https%3A%2F%2Fwww.lolaaviamentos.com.br%2Fprodutos%2Fentretela-nao-tecido-para-bordado-rasgavel-70g-lec-70%2F&media=https%3A%2F%2Facdn-us.mitiendanube.com%2Fstores%2F001%2F720%2F481%2Fproducts%2Frasgo-facil-c8ed5d64b12f052a0617567452643737-480-0.webp&description=","","0","Blocked by robots.txt","Non-Indexable","Blocked by robots.txt","1","","",""
"https://acdn-us.mitiendanube.com/stores/001/720/481/products/rasgo-facil-c8ed5d64b12f052a0617567452643737-50-0.webp","image/webp","200","OK","Indexable","","0","0.116","",""
"https://www.facebook.com/sharer/sharer.php?u=https://www.lolaaviamentos.com.br/produtos/entretela-para-bordado-toque-macio-rasgavel-40g-90cmx-200m/","","0","Blocked by robots.txt","Non-Indexable","Blocked by robots.txt","1","","",""
"http://pinterest.com/pin/create/button/?url=https%3A%2F%2Fwww.lolaaviamentos.com.br%2Fprodutos%2Fentretela-para-bordado-toque-macio-rasgavel-40g-90cmx-200m%2F&media=https%3A%2F%2Facdn-us.mitiendanube.com%2Fstores%2F001%2F720%2F481%2Fproducts%2Fentretela-para-bordado-rasgavel-toque-macio-40g-90cm-200m_lola1-22732f95aedd2233cb16328405166662-480-0.jpg&description=","","0","Blocked by robots.txt","Non-Indexable","Blocked by robots.txt","1","","",""
"https://acdn-us.mitiendanube.com/stores/001/720/481/products/entretela-para-bordado-rasgavel-toque-macio-40g-90cm-200m_lola1-22732f95aedd2233cb16328405166662-1024-1024.jpg","image/jpeg","200","OK","Indexable","","1","0.163","",""
"https://acdn-us.mitiendanube.com/stores/001/720/481/products/lef-d2558d583bfe184f2617550007903085-1024-1024.webp","image/webp","200","OK","Indexable","","1","0.157","",""
"https://acdn-us.mitiendanube.com/stores/001/720/481/products/lec-off-white-5a7561d3460a55cee817567353833413-50-0.webp","image/webp","200","OK","Indexable","","0","0.175","",""
"https://acdn-us.mitiendanube.com/stores/001/720/481/products/entretela-para-bordado-rasgavel-toque-macio-40g-90cm-200m_lola1-22732f95aedd2233cb16328405166662-50-0.jpg","image/jpeg","200","OK","Indexable","","0","0.163","",""
"https://twitter.com/share?url=https://www.lolaaviamentos.com.br/produtos/entretela-nao-tecido-para-bordado-rasgavel-70g-lec-70/","text/html; charset=utf-8","301","Moved Permanently","Non-Indexable","Redirected","1","0.312","https://x.com/share?url=https://www.lolaaviamentos.com.br/produtos/entretela-nao-tecido-para-bordado-rasgavel-70g-lec-70/","HTTP Redirect"
"https://acdn-us.mitiendanube.com/stores/001/720/481/products/lef-30-cm-851b5aeb563df917a117562936467108-50-0.webp","image/webp","200","OK","Indexable","","0","0.132","",""
"https://acdn-us.mitiendanube.com/stores/001/720/481/products/lef-d2558d583bfe184f2617550007903085-50-0.webp","image/webp","200","OK","Indexable","","0","0.137","",""
"https://acdn-us.mitiendanube.com/stores/001/720/481/products/lef-30-cm-851b5aeb563df917a117562936467108-1024-1024.webp","image/webp","200","OK","Indexable","","1","0.121","",""
"https://acdn-us.mitiendanube.com/stores/001/720/481/products/lec-preto-30cm-641f6ea1e2d327aa8c17571014497388-50-0.webp","image/webp","200","OK","Indexable","","0","0.136","",""
"https://acdn-us.mitiendanube.com/stores/001/720/481/products/lec-preto-01-3892c4e480f87aef4417539813823192-50-0.webp","image/webp","200","OK","Indexable","","0","0.137","",""
"https://acdn-us.mitiendanube.com/stores/001/720/481/products/lec-preto-03-fae9ee3a34ada76fa717539813825126-50-0.webp","image/webp","200","OK","Indexable","","0","0.134","",""
"https://www.facebook.com/sharer/sharer.php?u=https://www.lolaaviamentos.com.br/produtos/entretela-para-bordado-preta-rasgavel-40g-90cm-200m/","","0","Blocked by robots.txt","Non-Indexable","Blocked by robots.txt","1","","",""
"https://twitter.com/share?url=https://www.lolaaviamentos.com.br/produtos/entretela-para-bordado-toque-macio-rasgavel-40g-90cmx-200m/","text/html; charset=utf-8","301","Moved Permanently","Non-Indexable","Redirected","1","0.344","https://x.com/share?url=https://www.lolaaviamentos.com.br/produtos/entretela-para-bordado-toque-macio-rasgavel-40g-90cmx-200m/","HTTP Redirect"
"https://acdn-us.mitiendanube.com/stores/001/720/481/products/lec-preto-01203df7c9ad64f46d17539813817652-1024-1024.webp","image/webp","200","OK","Indexable","","1","0.122","",""
"https://twitter.com/share?url=https://www.lolaaviamentos.com.br/produtos/entretela-para-bordado-preta-rasgavel-40g-90cm-200m/","text/html; charset=utf-8","301","Moved Permanently","Non-Indexable","Redirected","1","0.308","https://x.com/share?url=https://www.lolaaviamentos.com.br/produtos/entretela-para-bordado-preta-rasgavel-40g-90cm-200m/","HTTP Redirect"
"https://acdn-us.mitiendanube.com/stores/001/720/481/products/lec-preto-01203df7c9ad64f46d17539813817652-50-0.webp","image/webp","200","OK","Indexable","","0","0.112","",""
"http://pinterest.com/pin/create/button/?url=https%3A%2F%2Fwww.lolaaviamentos.com.br%2Fprodutos%2Fentretela-para-bordado-preta-rasgavel-40g-90cm-200m%2F&media=https%3A%2F%2Facdn-us.mitiendanube.com%2Fstores%2F001%2F720%2F481%2Fproducts%2Flec-preto-01203df7c9ad64f46d17539813817652-480-0.webp&description=","","0","Blocked by robots.txt","Non-Indexable","Blocked by robots.txt","1","","",""
"https://acdn-us.mitiendanube.com/stores/001/720/481/products/lec-preto-30cm-641f6ea1e2d327aa8c17571014497388-1024-1024.webp","image/webp","200","OK","Indexable","","1","0.117","",""
"https://acdn-us.mitiendanube.com/stores/001/720/481/products/lec-preto-01-3892c4e480f87aef4417539813823192-1024-1024.webp","image/webp","200","OK","Indexable","","1","0.126","",""
"https://acdn-us.mitiendanube.com/stores/001/720/481/products/lec-preto-03-fae9ee3a34ada76fa717539813825126-1024-1024.webp","image/webp","200","OK","Indexable","","1","0.147","",""
"https://acdn-us.mitiendanube.com/stores/001/720/481/products/lec-off-white-2c630a37e9807fd85417567429871309-50-0.webp","image/webp","200","OK","Indexable","","0","0.125","",""
"https://acdn-us.mitiendanube.com/stores/001/720/481/products/lec-off-white-30cm-1-aec6bf27ca349dd04e17567429871020-50-0.webp","image/webp","200","OK","Indexable","","0","0.124","",""
"https://www.facebook.com/sharer/sharer.php?u=https://www.lolaaviamentos.com.br/produtos/entretela-para-bordado-rasgavel-50g-90cm-200m/","","0","Blocked by robots.txt","Non-Indexable","Blocked by robots.txt","1","","",""
"https://acdn-us.mitiendanube.com/stores/001/720/481/products/lec-branco-1-4d39f1f19178caac8c17539821846011-50-0.webp","image/webp","200","OK","Indexable","","0","0.107","",""
"https://acdn-us.mitiendanube.com/stores/001/720/481/products/lec-off-white-2c630a37e9807fd85417567429871309-1024-1024.webp","image/webp","200","OK","Indexable","","1","0.115","",""
"https://acdn-us.mitiendanube.com/stores/001/720/481/products/lec-branca-01-744fad188ff34f543417539822126363-50-0.webp","image/webp","200","OK","Indexable","","0","0.143","",""
"https://acdn-us.mitiendanube.com/stores/001/720/481/products/lec-off-white-30cm-1-aec6bf27ca349dd04e17567429871020-1024-1024.webp","image/webp","200","OK","Indexable","","1","0.132","",""
"https://acdn-us.mitiendanube.com/stores/001/720/481/products/lec-branca-30cm-086337a564cd62517117567429870886-50-0.webp","image/webp","200","OK","Indexable","","0","0.135","",""
"http://pinterest.com/pin/create/button/?url=https%3A%2F%2Fwww.lolaaviamentos.com.br%2Fprodutos%2Fentretela-para-bordado-rasgavel-50g-90cm-200m%2F&media=https%3A%2F%2Facdn-us.mitiendanube.com%2Fstores%2F001%2F720%2F481%2Fproducts%2Frasgo-facil-15d61b3bdb7efe4ec317567429874344-480-0.webp&description=","","0","Blocked by robots.txt","Non-Indexable","Blocked by robots.txt","1","","",""
"https://acdn-us.mitiendanube.com/stores/001/720/481/products/lec-branca-30cm-086337a564cd62517117567429870886-1024-1024.webp","image/webp","200","OK","Indexable","","1","0.154","",""
"https://acdn-us.mitiendanube.com/stores/001/720/481/products/rasgo-facil-15d61b3bdb7efe4ec317567429874344-50-0.webp","image/webp","200","OK","Indexable","","0","0.164","",""
"https://acdn-us.mitiendanube.com/stores/001/720/481/products/lec-branco-1-4d39f1f19178caac8c17539821846011-1024-1024.webp","image/webp","200","OK","Indexable","","1","0.109","",""
"https://acdn-us.mitiendanube.com/stores/001/720/481/products/lec-branca-01-744fad188ff34f543417539822126363-1024-1024.webp","image/webp","200","OK","Indexable","","1","0.150","",""
"https://acdn-us.mitiendanube.com/stores/001/720/481/products/rasgo-facil-d8e84af758fa98e99a17567368374921-1024-1024.webp","image/webp","200","OK","Indexable","","1","0.118","",""
"https://acdn-us.mitiendanube.com/stores/001/720/481/products/rasgo-facil-15d61b3bdb7efe4ec317567429874344-1024-1024.webp","image/webp","200","OK","Indexable","","1","0.133","",""
"https://acdn-us.mitiendanube.com/stores/001/720/481/products/lef-5f3b8111c1592c6ada17550008286560-50-0.webp","image/webp","200","OK","Indexable","","0","0.136","",""
"https://acdn-us.mitiendanube.com/stores/001/720/481/products/lef-30-cm-25c3349bb51c62ffcd17562935691822-1024-1024.webp","image/webp","200","OK","Indexable","","1","0.127","",""
"http://pinterest.com/pin/create/button/?url=https%3A%2F%2Fwww.lolaaviamentos.com.br%2Fprodutos%2Fentretela-nao-tecido-para-bordado-toque-macio-rasgavel-60g-lef-60%2F&media=https%3A%2F%2Facdn-us.mitiendanube.com%2Fstores%2F001%2F720%2F481%2Fproducts%2Frasgo-facil-d8e84af758fa98e99a17567368374921-480-0.webp&description=","","0","Blocked by robots.txt","Non-Indexable","Blocked by robots.txt","1","","",""
"https://acdn-us.mitiendanube.com/stores/001/720/481/products/lef-30-cm-25c3349bb51c62ffcd17562935691822-50-0.webp","image/webp","200","OK","Indexable","","0","0.118","",""
"https://www.facebook.com/sharer/sharer.php?u=https://www.lolaaviamentos.com.br/produtos/entretela-nao-tecido-para-bordado-toque-macio-rasgavel-60g-lef-60/","","0","Blocked by robots.txt","Non-Indexable","Blocked by robots.txt","1","","",""
"https://acdn-us.mitiendanube.com/stores/001/720/481/products/rasgo-facil-d8e84af758fa98e99a17567368374921-50-0.webp","image/webp","200","OK","Indexable","","0","0.137","",""
"https://twitter.com/share?url=https://www.lolaaviamentos.com.br/produtos/entretela-para-bordado-rasgavel-50g-90cm-200m/","text/html; charset=utf-8","301","Moved Permanently","Non-Indexable","Redirected","1","0.318","https://x.com/share?url=https://www.lolaaviamentos.com.br/produtos/entretela-para-bordado-rasgavel-50g-90cm-200m/","HTTP Redirect"
"https://acdn-us.mitiendanube.com/stores/001/720/481/products/lef-5f3b8111c1592c6ada17550008286560-1024-1024.webp","image/webp","200","OK","Indexable","","1","0.121","",""
"http://pinterest.com/pin/create/button/?url=https%3A%2F%2Fwww.lolaaviamentos.com.br%2Fprodutos%2Fentretela-para-bordado-rasgavel-30g-90cm-200m%2F&media=https%3A%2F%2Facdn-us.mitiendanube.com%2Fstores%2F001%2F720%2F481%2Fproducts%2Fentretela-para-bordado-rasgavel-30g-90cm-200m_lola1-22732f95aedd2233cb16328390791000-480-0.jpg&description=","","0","Blocked by robots.txt","Non-Indexable","Blocked by robots.txt","1","","",""
"https://acdn-us.mitiendanube.com/stores/001/720/481/products/entretela-para-bordado-rasgavel-30g-90cm-200m_lola1-22732f95aedd2233cb16328390791000-1024-1024.jpg","image/jpeg","200","OK","Indexable","","1","0.132","",""
"https://acdn-us.mitiendanube.com/stores/001/720/481/products/lec-branca-30cm-3bf50be4f958d5a2d917567361151523-50-0.webp","image/webp","200","OK","Indexable","","0","0.119","",""
"https://twitter.com/share?url=https://www.lolaaviamentos.com.br/produtos/entretela-nao-tecido-para-bordado-toque-macio-rasgavel-60g-lef-60/","text/html; charset=utf-8","301","Moved Permanently","Non-Indexable","Redirected","1","0.297","https://x.com/share?url=https://www.lolaaviamentos.com.br/produtos/entretela-nao-tecido-para-bordado-toque-macio-rasgavel-60g-lef-60/","HTTP Redirect"
"https://acdn-us.mitiendanube.com/stores/001/720/481/products/entretela-para-bordado-rasgavel-30g-90cm-200m_lola1-22732f95aedd2233cb16328390791000-50-0.jpg","image/jpeg","200","OK","Indexable","","0","0.128","",""
"https://acdn-us.mitiendanube.com/stores/001/720/481/products/lec-branco-1-f15b3c1a420fd26e4417539713203451-50-0.webp","image/webp","200","OK","Indexable","","0","0.126","",""
"https://www.facebook.com/sharer/sharer.php?u=https://www.lolaaviamentos.com.br/produtos/entretela-para-bordado-rasgavel-30g-90cm-200m/","","0","Blocked by robots.txt","Non-Indexable","Blocked by robots.txt","1","","",""
"https://acdn-us.mitiendanube.com/stores/001/720/481/products/lec-branca-01-dd4cc9e805b2a38c3317539715188624-1024-1024.webp","image/webp","200","OK","Indexable","","1","0.351","",""
"https://acdn-us.mitiendanube.com/stores/001/720/481/products/lec-branco-1-f15b3c1a420fd26e4417539713203451-1024-1024.webp","image/webp","200","OK","Indexable","","1","0.137","",""
"https://acdn-us.mitiendanube.com/stores/001/720/481/products/lec-branca-05-603ebe19fb7c00d95e17539713764739-50-0.webp","image/webp","200","OK","Indexable","","0","0.119","",""
"https://acdn-us.mitiendanube.com/stores/001/720/481/products/lec-branca-01-dd4cc9e805b2a38c3317539715188624-50-0.webp","image/webp","200","OK","Indexable","","0","0.136","",""
"https://twitter.com/share?url=https://www.lolaaviamentos.com.br/produtos/entretela-para-bordado-rasgavel-30g-90cm-200m/","text/html; charset=utf-8","301","Moved Permanently","Non-Indexable","Redirected","1","0.283","https://x.com/share?url=https://www.lolaaviamentos.com.br/produtos/entretela-para-bordado-rasgavel-30g-90cm-200m/","HTTP Redirect"
"https://acdn-us.mitiendanube.com/stores/001/720/481/products/lec-branca-05-603ebe19fb7c00d95e17539713764739-1024-1024.webp","image/webp","200","OK","Indexable","","1","0.476","",""
"http://pinterest.com/pin/create/button/?url=https%3A%2F%2Fwww.lolaaviamentos.com.br%2Fprodutos%2Fentretela-para-bordado-rasgavel-90g-90cm-200m%2F&media=https%3A%2F%2Facdn-us.mitiendanube.com%2Fstores%2F001%2F720%2F481%2Fproducts%2Fentretela-para-bordado-rasgavel-90g-90cm-200m_lola1-22732f95aedd2233cb16328394992853-480-0.jpg&description=","","0","Blocked by robots.txt","Non-Indexable","Blocked by robots.txt","1","","",""
"https://acdn-us.mitiendanube.com/stores/001/720/481/products/lec-off-white-768a55d18ed3b5f46017567446321845-1024-1024.webp","image/webp","200","OK","Indexable","","1","0.144","",""
"https://acdn-us.mitiendanube.com/stores/001/720/481/products/lec-branca-30cm-3bf50be4f958d5a2d917567361151523-1024-1024.webp","image/webp","200","OK","Indexable","","1","0.381","",""
"https://acdn-us.mitiendanube.com/stores/001/720/481/products/entretela-para-bordado-rasgavel-90g-90cm-200m_lola1-22732f95aedd2233cb16328394992853-50-0.jpg","image/jpeg","200","OK","Indexable","","0","0.130","",""
"https://acdn-us.mitiendanube.com/stores/001/720/481/products/lec-off-white-30cm-1-e8479c5678043e1c8a17567446323131-1024-1024.webp","image/webp","200","OK","Indexable","","1","0.139","",""
"https://www.facebook.com/sharer/sharer.php?u=https://www.lolaaviamentos.com.br/produtos/entretela-para-bordado-rasgavel-90g-90cm-200m/","","0","Blocked by robots.txt","Non-Indexable","Blocked by robots.txt","1","","",""
"https://acdn-us.mitiendanube.com/stores/001/720/481/products/lec-off-white-768a55d18ed3b5f46017567446321845-50-0.webp","image/webp","200","OK","Indexable","","0","0.116","",""
"https://acdn-us.mitiendanube.com/stores/001/720/481/products/entretela-para-bordado-rasgavel-90g-90cm-200m_lola1-22732f95aedd2233cb16328394992853-1024-1024.jpg","image/jpeg","200","OK","Indexable","","1","0.138","",""
"https://acdn-us.mitiendanube.com/stores/001/720/481/products/lec-branca-01-b4e529fa3e660e75d517567446325259-1024-1024.webp","image/webp","200","OK","Indexable","","1","0.168","",""
"https://acdn-us.mitiendanube.com/stores/001/720/481/products/lec-branco-1-e3a6f28d2d4116485b17539856831142-50-0.webp","image/webp","200","OK","Indexable","","0","0.130","",""
"https://acdn-us.mitiendanube.com/stores/001/720/481/products/lec-branca-30cm-051d63ebf83ced91e517567446322518-1024-1024.webp","image/webp","200","OK","Indexable","","1","0.130","",""
"https://acdn-us.mitiendanube.com/stores/001/720/481/products/lec-branca-30cm-051d63ebf83ced91e517567446322518-50-0.webp","image/webp","200","OK","Indexable","","0","0.124","",""
"https://acdn-us.mitiendanube.com/stores/001/720/481/products/lec-branca-01-b4e529fa3e660e75d517567446325259-50-0.webp","image/webp","200","OK","Indexable","","0","0.117","",""
"https://acdn-us.mitiendanube.com/stores/001/720/481/products/lec-off-white-30cm-1-e8479c5678043e1c8a17567446323131-50-0.webp","image/webp","200","OK","Indexable","","0","0.114","",""
"https://acdn-us.mitiendanube.com/stores/001/720/481/products/lec-branco-07c2d2055c3e3cf97717567446322755-1024-1024.webp","image/webp","200","OK","Indexable","","1","0.126","",""
"https://acdn-us.mitiendanube.com/stores/001/720/481/products/lec-branca-06-0ea3f1d20b1271b17217539856915752-1024-1024.webp","image/webp","200","OK","Indexable","","1","0.138","",""
"https://www.facebook.com/sharer/sharer.php?u=https://www.lolaaviamentos.com.br/produtos/filme-papel-termocolante-definitivo-para-patchwork-48cm-5m/","","0","Blocked by robots.txt","Non-Indexable","Blocked by robots.txt","1","","",""
"https://acdn-us.mitiendanube.com/stores/001/720/481/products/lec-branco-07c2d2055c3e3cf97717567446322755-50-0.webp","image/webp","200","OK","Indexable","","0","0.108","",""
"https://acdn-us.mitiendanube.com/stores/001/720/481/products/lec-branco-1-e3a6f28d2d4116485b17539856831142-1024-1024.webp","image/webp","200","OK","Indexable","","1","0.127","",""
"https://acdn-us.mitiendanube.com/stores/001/720/481/products/lec-branca-06-0ea3f1d20b1271b17217539856915752-50-0.webp","image/webp","200","OK","Indexable","","0","0.120","",""
"http://pinterest.com/pin/create/button/?url=https%3A%2F%2Fwww.lolaaviamentos.com.br%2Fprodutos%2Ffilme-papel-termocolante-definitivo-para-patchwork-48cm-5m%2F&media=https%3A%2F%2Facdn-us.mitiendanube.com%2Fstores%2F001%2F720%2F481%2Fproducts%2Ftc-10-medida-972a4cc942bc08f87e17540765457800-480-0.webp&description=","","0","Blocked by robots.txt","Non-Indexable","Blocked by robots.txt","1","","",""
"https://acdn-us.mitiendanube.com/stores/001/720/481/products/tc-10-medida-972a4cc942bc08f87e17540765457800-50-0.webp","image/webp","200","OK","Indexable","","0","0.110","",""
"https://www.facebook.com/sharer/sharer.php?u=https://www.lolaaviamentos.com.br/produtos/entretela-cavalinho-de-memoria-termocolante-cinza-330g/","","0","Blocked by robots.txt","Non-Indexable","Blocked by robots.txt","1","","",""
"https://twitter.com/share?url=https://www.lolaaviamentos.com.br/produtos/entretela-para-bordado-rasgavel-90g-90cm-200m/","text/html; charset=utf-8","301","Moved Permanently","Non-Indexable","Redirected","1","0.325","https://x.com/share?url=https://www.lolaaviamentos.com.br/produtos/entretela-para-bordado-rasgavel-90g-90cm-200m/","HTTP Redirect"
"https://acdn-us.mitiendanube.com/stores/001/720/481/products/tc-10-medida-972a4cc942bc08f87e17540765457800-1024-1024.webp","image/webp","200","OK","Indexable","","1","0.179","",""
"http://pinterest.com/pin/create/button/?url=https%3A%2F%2Fwww.lolaaviamentos.com.br%2Fprodutos%2Fentretela-cavalinho-de-memoria-termocolante-cinza-330g%2F&media=https%3A%2F%2Facdn-us.mitiendanube.com%2Fstores%2F001%2F720%2F481%2Fproducts%2Fentretela-de-memoria-rolo-metade-cinza-39c16c563319f2cf3517540565717016-480-0.webp&description=","","0","Blocked by robots.txt","Non-Indexable","Blocked by robots.txt","1","","",""
"https://twitter.com/share?url=https://www.lolaaviamentos.com.br/produtos/filme-papel-termocolante-definitivo-para-patchwork-48cm-5m/","text/html; charset=utf-8","301","Moved Permanently","Non-Indexable","Redirected","1","0.298","https://x.com/share?url=https://www.lolaaviamentos.com.br/produtos/filme-papel-termocolante-definitivo-para-patchwork-48cm-5m/","HTTP Redirect"
"https://acdn-us.mitiendanube.com/stores/001/720/481/products/entretela-de-memoria-rolo-metade-cinza-39c16c563319f2cf3517540565717016-50-0.webp","image/webp","200","OK","Indexable","","0","0.194","",""
"https://www.facebook.com/sharer/sharer.php?u=https://www.lolaaviamentos.com.br/produtos/entretela-cavalinho-de-memoria-termocolante-cinza-285g-16-100m/","","0","Blocked by robots.txt","Non-Indexable","Blocked by robots.txt","1","","",""
"https://acdn-us.mitiendanube.com/stores/001/720/481/products/entretela-de-memoria-rolo-metade-cinza-39c16c563319f2cf3517540565717016-1024-1024.webp","image/webp","200","OK","Indexable","","1","0.184","",""
"http://pinterest.com/pin/create/button/?url=https%3A%2F%2Fwww.lolaaviamentos.com.br%2Fprodutos%2Fentretela-cavalinho-de-memoria-termocolante-cinza-285g-16-100m%2F&media=https%3A%2F%2Facdn-us.mitiendanube.com%2Fstores%2F001%2F720%2F481%2Fproducts%2Fentretela-de-memoria-rolo-metade-cinza-18f6d3123040e2011117540574677100-480-0.webp&description=","","0","Blocked by robots.txt","Non-Indexable","Blocked by robots.txt","1","","",""
"https://acdn-us.mitiendanube.com/stores/001/720/481/products/entretela-de-memoria-rolo-metade-cinza-18f6d3123040e2011117540574677100-1024-1024.webp","image/webp","200","OK","Indexable","","1","0.134","",""
"https://acdn-us.mitiendanube.com/stores/001/720/481/products/entretela-de-memoria-rolo-metade-cinza-18f6d3123040e2011117540574677100-50-0.webp","image/webp","200","OK","Indexable","","0","0.150","",""
"https://twitter.com/share?url=https://www.lolaaviamentos.com.br/produtos/entretela-cavalinho-de-memoria-termocolante-cinza-330g/","text/html; charset=utf-8","301","Moved Permanently","Non-Indexable","Redirected","1","0.305","https://x.com/share?url=https://www.lolaaviamentos.com.br/produtos/entretela-cavalinho-de-memoria-termocolante-cinza-330g/","HTTP Redirect"
"https://twitter.com/share?url=https://www.lolaaviamentos.com.br/produtos/entretela-cavalinho-de-memoria-termocolante-cinza-285g-16-100m/","text/html; charset=utf-8","301","Moved Permanently","Non-Indexable","Redirected","1","0.297","https://x.com/share?url=https://www.lolaaviamentos.com.br/produtos/entretela-cavalinho-de-memoria-termocolante-cinza-285g-16-100m/","HTTP Redirect"
