"Address","Content Type","Status Code","Status","Indexability","Indexability Status","Hash","Length","Canonical Link Element 1","URL Encoded Address"
"https://preview.indianapolis.com.br/","text/html; charset=UTF-8","200","OK","Indexable","","bafece184af8b32d13460f6f8e30e0e8","36","https://preview.indianapolis.com.br/","https://preview.indianapolis.com.br/"
"https://preview.indianapolis.com.br/wp-content/uploads/2026/05/blog-fabrica-de-roldanas-f43dbe2caf-convertido-de-jpg.webp","image/webp","200","OK","Indexable","","","121","","https://preview.indianapolis.com.br/wp-content/uploads/2026/05/blog-fabrica-de-roldanas-f43dbe2caf-convertido-de-jpg.webp"
"https://preview.indianapolis.com.br/wp-content/plugins/woocommerce/assets/css/woocommerce-smallscreen.css?ver=10.7.0","text/css","200","OK","Indexable","","","116","","https://preview.indianapolis.com.br/wp-content/plugins/woocommerce/assets/css/woocommerce-smallscreen.css?ver=10.7.0"
"https://preview.indianapolis.com.br/wp-includes/js/jquery/ui/core.min.js?ver=1.13.3","application/x-javascript","200","OK","Indexable","","","83","","https://preview.indianapolis.com.br/wp-includes/js/jquery/ui/core.min.js?ver=1.13.3"
"https://preview.indianapolis.com.br/wp-content/plugins/royal-elementor-addons/assets/js/frontend.min.js?ver=1.7.1061","application/x-javascript","200","OK","Indexable","","","116","","https://preview.indianapolis.com.br/wp-content/plugins/royal-elementor-addons/assets/js/frontend.min.js?ver=1.7.1061"
"https://preview.indianapolis.com.br/wp-content/plugins/header-footer-elementor/assets/css/header-footer-elementor.css?ver=2.8.7","text/css","200","OK","Indexable","","","127","","https://preview.indianapolis.com.br/wp-content/plugins/header-footer-elementor/assets/css/header-footer-elementor.css?ver=2.8.7"
"https://preview.indianapolis.com.br/wp-includes/js/dist/hooks.min.js?ver=dd5603f07f9220ed27f1","application/x-javascript","200","OK","Indexable","","","93","","https://preview.indianapolis.com.br/wp-includes/js/dist/hooks.min.js?ver=dd5603f07f9220ed27f1"
"https://preview.indianapolis.com.br/wp-content/themes/hello-elementor/assets/css/theme.css?ver=3.4.7","text/css","200","OK","Indexable","","","100","","https://preview.indianapolis.com.br/wp-content/themes/hello-elementor/assets/css/theme.css?ver=3.4.7"
"https://preview.indianapolis.com.br/wp-content/plugins/royal-elementor-addons/assets/css/lib/animations/wpr-link-animations.min.css?ver=1.7.1061","text/css","200","OK","Indexable","","","144","","https://preview.indianapolis.com.br/wp-content/plugins/royal-elementor-addons/assets/css/lib/animations/wpr-link-animations.min.css?ver=1.7.1061"
"https://preview.indianapolis.com.br/wp-content/plugins/elementor/assets/js/webpack.runtime.min.js?ver=4.1.1","application/x-javascript","200","OK","Indexable","","","107","","https://preview.indianapolis.com.br/wp-content/plugins/elementor/assets/js/webpack.runtime.min.js?ver=4.1.1"
"https://preview.indianapolis.com.br/wp-content/plugins/elementor/assets/css/widget-divider.min.css?ver=4.1.1","text/css","200","OK","Indexable","","","108","","https://preview.indianapolis.com.br/wp-content/plugins/elementor/assets/css/widget-divider.min.css?ver=4.1.1"
"https://preview.indianapolis.com.br/wp-content/plugins/elementor/assets/js/frontend-modules.min.js?ver=4.1.1","application/x-javascript","200","OK","Indexable","","","108","","https://preview.indianapolis.com.br/wp-content/plugins/elementor/assets/js/frontend-modules.min.js?ver=4.1.1"
"https://preview.indianapolis.com.br/wp-content/plugins/royal-elementor-addons/assets/js/modal-popups.min.js?ver=1.7.1061","application/x-javascript","200","OK","Indexable","","","120","","https://preview.indianapolis.com.br/wp-content/plugins/royal-elementor-addons/assets/js/modal-popups.min.js?ver=1.7.1061"
"https://preview.indianapolis.com.br/wp-content/plugins/elementor/assets/css/widget-image.min.css?ver=4.1.1","text/css","200","OK","Indexable","","","106","","https://preview.indianapolis.com.br/wp-content/plugins/elementor/assets/css/widget-image.min.css?ver=4.1.1"
"https://preview.indianapolis.com.br/wp-content/plugins/royal-elementor-addons/assets/js/lib/parallax/parallax.min.js?ver=1.0","application/x-javascript","200","OK","Indexable","","","124","","https://preview.indianapolis.com.br/wp-content/plugins/royal-elementor-addons/assets/js/lib/parallax/parallax.min.js?ver=1.0"
"https://preview.indianapolis.com.br/wp-content/plugins/elementor/assets/css/frontend.min.css?ver=4.1.1","text/css","200","OK","Indexable","","","102","","https://preview.indianapolis.com.br/wp-content/plugins/elementor/assets/css/frontend.min.css?ver=4.1.1"
"https://preview.indianapolis.com.br/wp-content/uploads/2026/05/Rectangle-4-1-convertido-de-png.webp","image/webp","200","OK","Indexable","","","99","","https://preview.indianapolis.com.br/wp-content/uploads/2026/05/Rectangle-4-1-convertido-de-png.webp"
"https://preview.indianapolis.com.br/wp-content/plugins/woocommerce/assets/js/js-cookie/js.cookie.min.js?ver=2.1.4-wc.10.7.0","application/x-javascript","200","OK","Indexable","","","123","","https://preview.indianapolis.com.br/wp-content/plugins/woocommerce/assets/js/js-cookie/js.cookie.min.js?ver=2.1.4-wc.10.7.0"
"https://preview.indianapolis.com.br/wp-content/uploads/elementor/css/post-73.css?ver=1782160591","text/css","200","OK","Indexable","","","95","","https://preview.indianapolis.com.br/wp-content/uploads/elementor/css/post-73.css?ver=1782160591"
"https://preview.indianapolis.com.br/wp-content/plugins/contact-form-7/includes/swv/js/index.js?ver=6.1.6","application/x-javascript","200","OK","Indexable","","","104","","https://preview.indianapolis.com.br/wp-content/plugins/contact-form-7/includes/swv/js/index.js?ver=6.1.6"
"https://preview.indianapolis.com.br/home/","text/html; charset=UTF-8","301","Moved Permanently","Non-Indexable","Redirected","","41","","https://preview.indianapolis.com.br/home/"
"https://preview.indianapolis.com.br/wp-content/plugins/royal-elementor-addons/assets/css/lib/animations/loading-animations.min.css?ver=1.7.1061","text/css","200","OK","Indexable","","","143","","https://preview.indianapolis.com.br/wp-content/plugins/royal-elementor-addons/assets/css/lib/animations/loading-animations.min.css?ver=1.7.1061"
"https://preview.indianapolis.com.br/wp-content/plugins/woocommerce/assets/js/frontend/add-to-cart.min.js?ver=10.7.0","application/x-javascript","200","OK","Indexable","","","115","","https://preview.indianapolis.com.br/wp-content/plugins/woocommerce/assets/js/frontend/add-to-cart.min.js?ver=10.7.0"
"https://preview.indianapolis.com.br/wp-content/plugins/elementor/assets/lib/font-awesome/css/fontawesome.css?ver=5.15.3","text/css","200","OK","Indexable","","","119","","https://preview.indianapolis.com.br/wp-content/plugins/elementor/assets/lib/font-awesome/css/fontawesome.css?ver=5.15.3"
"https://preview.indianapolis.com.br/wp-content/plugins/royal-elementor-addons/assets/css/lib/lightgallery/lightgallery.min.css?ver=1.7.1061","text/css","200","OK","Indexable","","","139","","https://preview.indianapolis.com.br/wp-content/plugins/royal-elementor-addons/assets/css/lib/lightgallery/lightgallery.min.css?ver=1.7.1061"
"https://preview.indianapolis.com.br/wp-content/plugins/woocommerce/assets/js/jquery-blockui/jquery.blockUI.min.js?ver=2.7.0-wc.10.7.0","application/x-javascript","200","OK","Indexable","","","133","","https://preview.indianapolis.com.br/wp-content/plugins/woocommerce/assets/js/jquery-blockui/jquery.blockUI.min.js?ver=2.7.0-wc.10.7.0"
"https://preview.indianapolis.com.br/wp-content/plugins/royal-elementor-addons/assets/css/lib/animations/button-animations.min.css?ver=1.7.1061","text/css","200","OK","Indexable","","","142","","https://preview.indianapolis.com.br/wp-content/plugins/royal-elementor-addons/assets/css/lib/animations/button-animations.min.css?ver=1.7.1061"
"https://preview.indianapolis.com.br/wp-content/plugins/elementor/assets/css/widget-icon-list.min.css?ver=3.24.3","text/css","200","OK","Indexable","","","111","","https://preview.indianapolis.com.br/wp-content/plugins/elementor/assets/css/widget-icon-list.min.css?ver=3.24.3"
"https://preview.indianapolis.com.br/wp-content/plugins/royal-elementor-addons/assets/js/lib/jarallax/jarallax.min.js?ver=1.12.7","application/x-javascript","200","OK","Indexable","","","127","","https://preview.indianapolis.com.br/wp-content/plugins/royal-elementor-addons/assets/js/lib/jarallax/jarallax.min.js?ver=1.12.7"
"https://preview.indianapolis.com.br/wp-content/plugins/woocommerce/assets/js/frontend/woocommerce.min.js?ver=10.7.0","application/x-javascript","200","OK","Indexable","","","115","","https://preview.indianapolis.com.br/wp-content/plugins/woocommerce/assets/js/frontend/woocommerce.min.js?ver=10.7.0"
"https://preview.indianapolis.com.br/ferro-fundido-cinzento/","text/html; charset=UTF-8","200","OK","Indexable","","2f8d4212c99ebe930d7daf23c8c06eba","59","https://preview.indianapolis.com.br/ferro-fundido-cinzento/","https://preview.indianapolis.com.br/ferro-fundido-cinzento/"
"https://preview.indianapolis.com.br/wp-content/plugins/royal-elementor-addons/assets/css/frontend.min.css?ver=1.7.1061","text/css","200","OK","Indexable","","","118","","https://preview.indianapolis.com.br/wp-content/plugins/royal-elementor-addons/assets/css/frontend.min.css?ver=1.7.1061"
"https://preview.indianapolis.com.br/wp-content/plugins/royal-elementor-addons/assets/css/lib/animations/text-animations.min.css?ver=1.7.1061","text/css","200","OK","Indexable","","","140","","https://preview.indianapolis.com.br/wp-content/plugins/royal-elementor-addons/assets/css/lib/animations/text-animations.min.css?ver=1.7.1061"
"https://preview.indianapolis.com.br/wp-content/plugins/elementor/assets/css/widget-icon-list.min.css?ver=4.1.1","text/css","200","OK","Indexable","","","110","","https://preview.indianapolis.com.br/wp-content/plugins/elementor/assets/css/widget-icon-list.min.css?ver=4.1.1"
"https://preview.indianapolis.com.br/wp-content/uploads/elementor/css/base-desktop.css?ver=6a39cccd6361e","text/css","200","OK","Indexable","","","103","","https://preview.indianapolis.com.br/wp-content/uploads/elementor/css/base-desktop.css?ver=6a39cccd6361e"
"https://preview.indianapolis.com.br/wp-content/plugins/complianz-gdpr/cookiebanner/js/complianz.min.js?ver=1782160325","application/x-javascript","200","OK","Indexable","","","117","","https://preview.indianapolis.com.br/wp-content/plugins/complianz-gdpr/cookiebanner/js/complianz.min.js?ver=1782160325"
"https://preview.indianapolis.com.br/wp-content/uploads/elementor/css/post-11.css?ver=1782172877","text/css","200","OK","Indexable","","","95","","https://preview.indianapolis.com.br/wp-content/uploads/elementor/css/post-11.css?ver=1782172877"
"https://preview.indianapolis.com.br/wp-content/plugins/header-footer-elementor/inc/widgets-css/frontend.css?ver=2.8.7","text/css","200","OK","Indexable","","","117","","https://preview.indianapolis.com.br/wp-content/plugins/header-footer-elementor/inc/widgets-css/frontend.css?ver=2.8.7"
"https://preview.indianapolis.com.br/wp-content/plugins/complianz-gdpr/assets/css/cookieblocker.min.css?ver=1782160324","text/css","200","OK","Indexable","","","117","","https://preview.indianapolis.com.br/wp-content/plugins/complianz-gdpr/assets/css/cookieblocker.min.css?ver=1782160324"
"https://preview.indianapolis.com.br/wp-content/uploads/2026/05/7eTjJUHqbS33vmBMcDh6fM-1.webp","image/webp","200","OK","Indexable","","","92","","https://preview.indianapolis.com.br/wp-content/uploads/2026/05/7eTjJUHqbS33vmBMcDh6fM-1.webp"
"https://preview.indianapolis.com.br/contato/","text/html; charset=UTF-8","200","OK","Indexable","","19ca76bef2149b88fb72b1cd5621f3f2","44","https://preview.indianapolis.com.br/contato/","https://preview.indianapolis.com.br/contato/"
"https://preview.indianapolis.com.br/wp-content/plugins/awesome-contact-form7-for-elementor/assets/css/style.css?ver=6.9.4","text/css","200","OK","Indexable","","","121","","https://preview.indianapolis.com.br/wp-content/plugins/awesome-contact-form7-for-elementor/assets/css/style.css?ver=6.9.4"
"https://preview.indianapolis.com.br/wp-content/themes/hello-elementor/assets/css/reset.css?ver=3.4.7","text/css","200","OK","Indexable","","","100","","https://preview.indianapolis.com.br/wp-content/themes/hello-elementor/assets/css/reset.css?ver=3.4.7"
"https://preview.indianapolis.com.br/wp-content/uploads/elementor/css/post-31.css?ver=1782160591","text/css","200","OK","Indexable","","","95","","https://preview.indianapolis.com.br/wp-content/uploads/elementor/css/post-31.css?ver=1782160591"
"https://preview.indianapolis.com.br/wp-content/themes/hello-elementor/assets/css/header-footer.css?ver=3.4.7","text/css","200","OK","Indexable","","","108","","https://preview.indianapolis.com.br/wp-content/themes/hello-elementor/assets/css/header-footer.css?ver=3.4.7"
"https://preview.indianapolis.com.br/wp-content/plugins/royal-elementor-addons/assets/css/lib/animations/wpr-animations.min.css?ver=1.7.1061","text/css","200","OK","Indexable","","","139","","https://preview.indianapolis.com.br/wp-content/plugins/royal-elementor-addons/assets/css/lib/animations/wpr-animations.min.css?ver=1.7.1061"
"https://preview.indianapolis.com.br/wp-content/plugins/elementor/assets/css/widget-nested-accordion.min.css?ver=4.1.1","text/css","200","OK","Indexable","","","117","","https://preview.indianapolis.com.br/wp-content/plugins/elementor/assets/css/widget-nested-accordion.min.css?ver=4.1.1"
"https://preview.indianapolis.com.br/wp-content/plugins/royal-elementor-addons/assets/js/lib/slick/slick.min.js?ver=1.8.1","application/x-javascript","200","OK","Indexable","","","120","","https://preview.indianapolis.com.br/wp-content/plugins/royal-elementor-addons/assets/js/lib/slick/slick.min.js?ver=1.8.1"
"https://preview.indianapolis.com.br/author/perettov4company-com/","","0","Blocked by robots.txt","Non-Indexable","Blocked by robots.txt","","64","","https://preview.indianapolis.com.br/author/perettov4company-com/"
"https://preview.indianapolis.com.br/wp-includes/js/imagesloaded.min.js?ver=5.0.0","application/x-javascript","200","OK","Indexable","","","80","","https://preview.indianapolis.com.br/wp-includes/js/imagesloaded.min.js?ver=5.0.0"
"https://preview.indianapolis.com.br/wp-content/plugins/elementor/assets/lib/jquery-numerator/jquery-numerator.min.js?ver=0.2.1","application/x-javascript","200","OK","Indexable","","","126","","https://preview.indianapolis.com.br/wp-content/plugins/elementor/assets/lib/jquery-numerator/jquery-numerator.min.js?ver=0.2.1"
"https://preview.indianapolis.com.br/wp-content/plugins/woocommerce/assets/js/sourcebuster/sourcebuster.min.js?ver=10.7.0","application/x-javascript","200","OK","Indexable","","","120","","https://preview.indianapolis.com.br/wp-content/plugins/woocommerce/assets/js/sourcebuster/sourcebuster.min.js?ver=10.7.0"
"https://preview.indianapolis.com.br/wp-content/plugins/elementor/assets/js/frontend.min.js?ver=4.1.1","application/x-javascript","200","OK","Indexable","","","100","","https://preview.indianapolis.com.br/wp-content/plugins/elementor/assets/js/frontend.min.js?ver=4.1.1"
"https://preview.indianapolis.com.br/wp-content/plugins/woocommerce/assets/js/frontend/order-attribution.min.js?ver=10.7.0","application/x-javascript","200","OK","Indexable","","","121","","https://preview.indianapolis.com.br/wp-content/plugins/woocommerce/assets/js/frontend/order-attribution.min.js?ver=10.7.0"
"https://preview.indianapolis.com.br/wp-content/themes/hello-elementor/assets/js/hello-frontend.js?ver=3.4.7","application/x-javascript","200","OK","Indexable","","","107","","https://preview.indianapolis.com.br/wp-content/themes/hello-elementor/assets/js/hello-frontend.js?ver=3.4.7"
"https://preview.indianapolis.com.br/produtos/","text/html; charset=UTF-8","200","OK","Indexable","","69415f4f3b35b7de9d2cf328c13b6216","45","https://preview.indianapolis.com.br/produtos/","https://preview.indianapolis.com.br/produtos/"
"https://preview.indianapolis.com.br/wp-content/plugins/header-footer-elementor/inc/js/frontend.js?ver=2.8.7","application/x-javascript","200","OK","Indexable","","","107","","https://preview.indianapolis.com.br/wp-content/plugins/header-footer-elementor/inc/js/frontend.js?ver=2.8.7"
"https://preview.indianapolis.com.br/wp-content/plugins/elementor/assets/lib/eicons/css/elementor-icons.min.css?ver=5.34.0","text/css","200","OK","Indexable","","","121","","https://preview.indianapolis.com.br/wp-content/plugins/elementor/assets/lib/eicons/css/elementor-icons.min.css?ver=5.34.0"
"https://preview.indianapolis.com.br/wp-content/plugins/elementor/assets/css/widget-video.min.css?ver=4.1.1","text/css","200","OK","Indexable","","","106","","https://preview.indianapolis.com.br/wp-content/plugins/elementor/assets/css/widget-video.min.css?ver=4.1.1"
"https://preview.indianapolis.com.br/wp-content/uploads/2026/05/Background.webp","image/webp","200","OK","Indexable","","","78","","https://preview.indianapolis.com.br/wp-content/uploads/2026/05/Background.webp"
"https://preview.indianapolis.com.br/preco-do-ferro-fundido-kg/","text/html; charset=UTF-8","200","OK","Indexable","","27da42d7afc4366724f6bb6e34a1f550","62","https://preview.indianapolis.com.br/preco-do-ferro-fundido-kg/","https://preview.indianapolis.com.br/preco-do-ferro-fundido-kg/"
"https://preview.indianapolis.com.br/wp-content/plugins/header-footer-elementor/inc/widgets-css/woo-products.css?ver=2.8.7","text/css","200","OK","Indexable","","","121","","https://preview.indianapolis.com.br/wp-content/plugins/header-footer-elementor/inc/widgets-css/woo-products.css?ver=2.8.7"
"https://preview.indianapolis.com.br/wp-content/plugins/elementor/assets/css/widget-heading.min.css?ver=4.1.1","text/css","200","OK","Indexable","","","108","","https://preview.indianapolis.com.br/wp-content/plugins/elementor/assets/css/widget-heading.min.css?ver=4.1.1"
"https://preview.indianapolis.com.br/wp-content/plugins/royal-elementor-addons/assets/js/lib/isotope/isotope.min.js?ver=3.0.8","application/x-javascript","200","OK","Indexable","","","124","","https://preview.indianapolis.com.br/wp-content/plugins/royal-elementor-addons/assets/js/lib/isotope/isotope.min.js?ver=3.0.8"
"https://preview.indianapolis.com.br/blog/","text/html; charset=UTF-8","200","OK","Indexable","","f9e156a93c7f46f3d418bea310065af","41","https://preview.indianapolis.com.br/blog/","https://preview.indianapolis.com.br/blog/"
"https://preview.indianapolis.com.br/fabrica-de-roldanas/","text/html; charset=UTF-8","200","OK","Indexable","","a4d820230fc389353d1f5f852af4a903","56","https://preview.indianapolis.com.br/fabrica-de-roldanas/","https://preview.indianapolis.com.br/fabrica-de-roldanas/"
"https://preview.indianapolis.com.br/wp-content/uploads/2026/05/blog-ferro-fundido-cinzento-7211ea24c1-convertido-de-jpg.webp","image/webp","200","OK","Indexable","","","124","","https://preview.indianapolis.com.br/wp-content/uploads/2026/05/blog-ferro-fundido-cinzento-7211ea24c1-convertido-de-jpg.webp"
"https://preview.indianapolis.com.br/wp-content/plugins/contact-form-7/includes/css/styles.css?ver=6.1.6","text/css","200","OK","Indexable","","","103","","https://preview.indianapolis.com.br/wp-content/plugins/contact-form-7/includes/css/styles.css?ver=6.1.6"
"https://preview.indianapolis.com.br/wp-includes/js/dist/i18n.min.js?ver=c26c3dc7bed366793375","application/x-javascript","200","OK","Indexable","","","92","","https://preview.indianapolis.com.br/wp-includes/js/dist/i18n.min.js?ver=c26c3dc7bed366793375"
"https://preview.indianapolis.com.br/wp-content/uploads/2026/05/blog-preco-do-ferro-fundido-kg-95baf166c3-convertido-de-jpg.webp","image/webp","200","OK","Indexable","","","127","","https://preview.indianapolis.com.br/wp-content/uploads/2026/05/blog-preco-do-ferro-fundido-kg-95baf166c3-convertido-de-jpg.webp"
"https://preview.indianapolis.com.br/wp-content/plugins/contact-form-7/includes/js/index.js?ver=6.1.6","application/x-javascript","200","OK","Indexable","","","100","","https://preview.indianapolis.com.br/wp-content/plugins/contact-form-7/includes/js/index.js?ver=6.1.6"
"https://preview.indianapolis.com.br/wp-content/plugins/elementor/assets/css/widget-social-icons.min.css?ver=3.24.0","text/css","200","OK","Indexable","","","114","","https://preview.indianapolis.com.br/wp-content/plugins/elementor/assets/css/widget-social-icons.min.css?ver=3.24.0"
"https://preview.indianapolis.com.br/wp-content/plugins/elementor/assets/lib/font-awesome/css/brands.css?ver=5.15.3","text/css","200","OK","Indexable","","","114","","https://preview.indianapolis.com.br/wp-content/plugins/elementor/assets/lib/font-awesome/css/brands.css?ver=5.15.3"
"https://preview.indianapolis.com.br/wp-content/plugins/royal-elementor-addons/assets/js/lib/lightgallery/lightgallery.min.js?ver=1.6.12","application/x-javascript","200","OK","Indexable","","","135","","https://preview.indianapolis.com.br/wp-content/plugins/royal-elementor-addons/assets/js/lib/lightgallery/lightgallery.min.js?ver=1.6.12"
"https://preview.indianapolis.com.br/wp-content/plugins/elementor/assets/css/widget-icon-box.min.css?ver=4.1.1","text/css","200","OK","Indexable","","","109","","https://preview.indianapolis.com.br/wp-content/plugins/elementor/assets/css/widget-icon-box.min.css?ver=4.1.1"
"https://preview.indianapolis.com.br/wp-content/plugins/elementor/assets/lib/font-awesome/css/solid.css?ver=5.15.3","text/css","200","OK","Indexable","","","113","","https://preview.indianapolis.com.br/wp-content/plugins/elementor/assets/lib/font-awesome/css/solid.css?ver=5.15.3"
"https://preview.indianapolis.com.br/wp-content/uploads/elementor/css/post-7.css?ver=1782160591","text/css","200","OK","Indexable","","","94","","https://preview.indianapolis.com.br/wp-content/uploads/elementor/css/post-7.css?ver=1782160591"
"https://preview.indianapolis.com.br/wp-content/plugins/royal-elementor-addons/assets/js/lib/particles/particles.js?ver=3.0.6","application/x-javascript","200","OK","Indexable","","","124","","https://preview.indianapolis.com.br/wp-content/plugins/royal-elementor-addons/assets/js/lib/particles/particles.js?ver=3.0.6"
"https://preview.indianapolis.com.br/wp-content/plugins/woocommerce/assets/css/woocommerce.css?ver=10.7.0","text/css","200","OK","Indexable","","","104","","https://preview.indianapolis.com.br/wp-content/plugins/woocommerce/assets/css/woocommerce.css?ver=10.7.0"
"https://preview.indianapolis.com.br/wp-content/plugins/woocommerce/assets/css/woocommerce-layout.css?ver=10.7.0","text/css","200","OK","Indexable","","","111","","https://preview.indianapolis.com.br/wp-content/plugins/woocommerce/assets/css/woocommerce-layout.css?ver=10.7.0"
"https://preview.indianapolis.com.br/wp-content/plugins/elementor/assets/lib/font-awesome/css/all.min.css?ver=1.7.1061","text/css","200","OK","Indexable","","","117","","https://preview.indianapolis.com.br/wp-content/plugins/elementor/assets/lib/font-awesome/css/all.min.css?ver=1.7.1061"
"https://preview.indianapolis.com.br/wp-includes/js/jquery/jquery-migrate.min.js?ver=3.4.1","application/x-javascript","200","OK","Indexable","","","89","","https://preview.indianapolis.com.br/wp-includes/js/jquery/jquery-migrate.min.js?ver=3.4.1"
"https://preview.indianapolis.com.br/wp-includes/js/jquery/jquery.min.js?ver=3.7.1","application/x-javascript","200","OK","Indexable","","","81","","https://preview.indianapolis.com.br/wp-includes/js/jquery/jquery.min.js?ver=3.7.1"
"https://preview.indianapolis.com.br/wp-content/plugins/elementor/assets/css/widget-counter.min.css?ver=4.1.1","text/css","200","OK","Indexable","","","108","","https://preview.indianapolis.com.br/wp-content/plugins/elementor/assets/css/widget-counter.min.css?ver=4.1.1"
"https://preview.indianapolis.com.br/wp-content/uploads/elementor/css/post-549.css?ver=1782173435","text/css","200","OK","Indexable","","","96","","https://preview.indianapolis.com.br/wp-content/uploads/elementor/css/post-549.css?ver=1782173435"
"https://preview.indianapolis.com.br/wp-content/uploads/2026/05/Design-sem-nome-3-convertido-de-png-300x300.webp","image/webp","200","OK","Indexable","","","111","","https://preview.indianapolis.com.br/wp-content/uploads/2026/05/Design-sem-nome-3-convertido-de-png-300x300.webp"
"https://preview.indianapolis.com.br/wp-content/plugins/header-footer-elementor/inc/js/woo-products.js?ver=2.8.7","application/x-javascript","200","OK","Indexable","","","111","","https://preview.indianapolis.com.br/wp-content/plugins/header-footer-elementor/inc/js/woo-products.js?ver=2.8.7"
"https://preview.indianapolis.com.br/wp-content/uploads/2026/05/Design-sem-nome-7-convertido-de-png-300x300.webp","image/webp","200","OK","Indexable","","","111","","https://preview.indianapolis.com.br/wp-content/uploads/2026/05/Design-sem-nome-7-convertido-de-png-300x300.webp"
"https://preview.indianapolis.com.br/categoria-produto/automotivo/","text/html; charset=UTF-8","200","OK","Indexable","","e2c7055b2ba7dfd7e3ccd9b4bc55cf64","65","https://preview.indianapolis.com.br/categoria-produto/automotivo/","https://preview.indianapolis.com.br/categoria-produto/automotivo/"
"https://preview.indianapolis.com.br/wp-content/uploads/2026/05/images-1-convertido-de-jpg.webp","image/webp","200","OK","Indexable","","","94","","https://preview.indianapolis.com.br/wp-content/uploads/2026/05/images-1-convertido-de-jpg.webp"
"https://preview.indianapolis.com.br/produto/camisa-compressor-ar/","text/html; charset=UTF-8","200","OK","Indexable","","a778263c37d8dcff8d3ca085ee5724d1","65","https://preview.indianapolis.com.br/produto/camisa-compressor-ar/","https://preview.indianapolis.com.br/produto/camisa-compressor-ar/"
"https://preview.indianapolis.com.br/produto/anel-bipartido/","text/html; charset=UTF-8","200","OK","Indexable","","f951ce4ba343a7cbd8944ec51550401c","59","https://preview.indianapolis.com.br/produto/anel-bipartido/","https://preview.indianapolis.com.br/produto/anel-bipartido/"
"https://preview.indianapolis.com.br/empresa/","text/html; charset=UTF-8","200","OK","Indexable","","cb1e7eba10259dc4c225a2e4ff014acc","44","https://preview.indianapolis.com.br/empresa/","https://preview.indianapolis.com.br/empresa/"
"https://preview.indianapolis.com.br/wp-content/plugins/elementor/assets/lib/swiper/v8/css/swiper.min.css?ver=8.4.5","text/css","200","OK","Indexable","","","114","","https://preview.indianapolis.com.br/wp-content/plugins/elementor/assets/lib/swiper/v8/css/swiper.min.css?ver=8.4.5"
"https://preview.indianapolis.com.br/wp-content/plugins/elementor/assets/images/placeholder.png","image/png","200","OK","Indexable","","","94","","https://preview.indianapolis.com.br/wp-content/plugins/elementor/assets/images/placeholder.png"
"https://preview.indianapolis.com.br/produto/fundicao-pecas-agricolas/","text/html; charset=UTF-8","200","OK","Indexable","","3ece205c056aef82f764243d7fb4377c","69","https://preview.indianapolis.com.br/produto/fundicao-pecas-agricolas/","https://preview.indianapolis.com.br/produto/fundicao-pecas-agricolas/"
"https://preview.indianapolis.com.br/wp-content/uploads/2026/05/Rectangle-5-1-convertido-de-png.webp","image/webp","200","OK","Indexable","","","99","","https://preview.indianapolis.com.br/wp-content/uploads/2026/05/Rectangle-5-1-convertido-de-png.webp"
"https://preview.indianapolis.com.br/produto/moldes-industria-vidreira/","text/html; charset=UTF-8","200","OK","Indexable","","521b971ed56ea034a6e927eb0b76f092","70","https://preview.indianapolis.com.br/produto/moldes-industria-vidreira/","https://preview.indianapolis.com.br/produto/moldes-industria-vidreira/"
"https://preview.indianapolis.com.br/solucoes/","text/html; charset=UTF-8","200","OK","Indexable","","cff2afd3e8cce888beda15a8deab9ed5","45","https://preview.indianapolis.com.br/solucoes/","https://preview.indianapolis.com.br/solucoes/"
"https://preview.indianapolis.com.br/wp-content/uploads/2026/05/image-11-1-convertido-de-png-1.webp","image/webp","200","OK","Indexable","","","98","","https://preview.indianapolis.com.br/wp-content/uploads/2026/05/image-11-1-convertido-de-png-1.webp"
"https://preview.indianapolis.com.br/produto/cabecote-de-compressor-de-ar/","text/html; charset=UTF-8","200","OK","Indexable","","a326d0259609509ef121a2fbff9e1be7","73","https://preview.indianapolis.com.br/produto/cabecote-de-compressor-de-ar/","https://preview.indianapolis.com.br/produto/cabecote-de-compressor-de-ar/"
"https://preview.indianapolis.com.br/wp-content/uploads/2026/05/Rectangle-2-2-convertido-de-png.webp","image/webp","200","OK","Indexable","","","99","","https://preview.indianapolis.com.br/wp-content/uploads/2026/05/Rectangle-2-2-convertido-de-png.webp"
"https://preview.indianapolis.com.br/wp-content/plugins/elementor/assets/css/widget-image-carousel.min.css?ver=4.1.1","text/css","200","OK","Indexable","","","115","","https://preview.indianapolis.com.br/wp-content/plugins/elementor/assets/css/widget-image-carousel.min.css?ver=4.1.1"
"https://preview.indianapolis.com.br/wp-content/uploads/2026/05/Rectangle-1-convertido-de-png.webp","image/webp","200","OK","Indexable","","","97","","https://preview.indianapolis.com.br/wp-content/uploads/2026/05/Rectangle-1-convertido-de-png.webp"
"https://preview.indianapolis.com.br/wp-content/uploads/2026/05/Image-4-convertido-de-png.webp","image/webp","200","OK","Indexable","","","93","","https://preview.indianapolis.com.br/wp-content/uploads/2026/05/Image-4-convertido-de-png.webp"
"https://preview.indianapolis.com.br/wp-content/uploads/2026/05/Image-3-convertido-de-png.webp","image/webp","200","OK","Indexable","","","93","","https://preview.indianapolis.com.br/wp-content/uploads/2026/05/Image-3-convertido-de-png.webp"
"https://preview.indianapolis.com.br/wp-content/uploads/2026/05/Image-1-convertido-de-png-1.webp","image/webp","200","OK","Indexable","","","95","","https://preview.indianapolis.com.br/wp-content/uploads/2026/05/Image-1-convertido-de-png-1.webp"
"https://preview.indianapolis.com.br/wp-content/uploads/2026/05/Image-3-convertido-de-png-2.webp","image/webp","200","OK","Indexable","","","95","","https://preview.indianapolis.com.br/wp-content/uploads/2026/05/Image-3-convertido-de-png-2.webp"
"https://preview.indianapolis.com.br/wp-content/uploads/2026/05/Image-2-convertido-de-png-1.webp","image/webp","200","OK","Indexable","","","95","","https://preview.indianapolis.com.br/wp-content/uploads/2026/05/Image-2-convertido-de-png-1.webp"
"https://preview.indianapolis.com.br/wp-content/uploads/elementor/css/post-16.css?ver=1782173438","text/css","200","OK","Indexable","","","95","","https://preview.indianapolis.com.br/wp-content/uploads/elementor/css/post-16.css?ver=1782173438"
"https://preview.indianapolis.com.br/wp-content/uploads/2026/05/Image-1-convertido-de-png-2.webp","image/webp","200","OK","Indexable","","","95","","https://preview.indianapolis.com.br/wp-content/uploads/2026/05/Image-1-convertido-de-png-2.webp"
"https://preview.indianapolis.com.br/wp-content/plugins/elementor/assets/lib/swiper/v8/swiper.min.js?ver=8.4.5","application/x-javascript","200","OK","Indexable","","","109","","https://preview.indianapolis.com.br/wp-content/plugins/elementor/assets/lib/swiper/v8/swiper.min.js?ver=8.4.5"
"https://preview.indianapolis.com.br/wp-content/uploads/2026/05/Image-2-convertido-de-png-2.webp","image/webp","200","OK","Indexable","","","95","","https://preview.indianapolis.com.br/wp-content/uploads/2026/05/Image-2-convertido-de-png-2.webp"
"https://preview.indianapolis.com.br/wp-content/uploads/2026/05/Rectangle-7-1-convertido-de-png.webp","image/webp","200","OK","Indexable","","","99","","https://preview.indianapolis.com.br/wp-content/uploads/2026/05/Rectangle-7-1-convertido-de-png.webp"
"https://preview.indianapolis.com.br/wp-content/uploads/2026/05/Rectangle-2-1-convertido-de-png.webp","image/webp","200","OK","Indexable","","","99","","https://preview.indianapolis.com.br/wp-content/uploads/2026/05/Rectangle-2-1-convertido-de-png.webp"
"https://preview.indianapolis.com.br/wp-content/uploads/2026/05/Rectangle-3-1-convertido-de-png.webp","image/webp","200","OK","Indexable","","","99","","https://preview.indianapolis.com.br/wp-content/uploads/2026/05/Rectangle-3-1-convertido-de-png.webp"
"https://preview.indianapolis.com.br/wp-content/uploads/elementor/css/post-14.css?ver=1782173438","text/css","200","OK","Indexable","","","95","","https://preview.indianapolis.com.br/wp-content/uploads/elementor/css/post-14.css?ver=1782173438"
"https://preview.indianapolis.com.br/wp-content/plugins/elementor/assets/css/conditionals/e-swiper.min.css?ver=4.1.1","text/css","200","OK","Indexable","","","115","","https://preview.indianapolis.com.br/wp-content/plugins/elementor/assets/css/conditionals/e-swiper.min.css?ver=4.1.1"
"https://preview.indianapolis.com.br/wp-content/uploads/2026/05/image-10-1-convertido-de-png.webp","image/webp","200","OK","Indexable","","","96","","https://preview.indianapolis.com.br/wp-content/uploads/2026/05/image-10-1-convertido-de-png.webp"
"https://preview.indianapolis.com.br/wp-content/uploads/2026/05/Rectangle-6-1-convertido-de-png-1.webp","image/webp","200","OK","Indexable","","","101","","https://preview.indianapolis.com.br/wp-content/uploads/2026/05/Rectangle-6-1-convertido-de-png-1.webp"
"https://preview.indianapolis.com.br/wp-content/uploads/2026/05/image-8-1-convertido-de-png.webp","image/webp","200","OK","Indexable","","","95","","https://preview.indianapolis.com.br/wp-content/uploads/2026/05/image-8-1-convertido-de-png.webp"
"https://preview.indianapolis.com.br/wp-content/uploads/2026/05/image-9-1-convertido-de-png.webp","image/webp","200","OK","Indexable","","","95","","https://preview.indianapolis.com.br/wp-content/uploads/2026/05/image-9-1-convertido-de-png.webp"
"https://preview.indianapolis.com.br/wp-content/uploads/2026/05/moldes-industria-vidreira-01-convertido-de-jpg-300x300.webp","image/webp","200","OK","Indexable","","","122","","https://preview.indianapolis.com.br/wp-content/uploads/2026/05/moldes-industria-vidreira-01-convertido-de-jpg-300x300.webp"
"https://preview.indianapolis.com.br/wp-content/uploads/2026/05/Design-sem-nome-9-convertido-de-png-300x300.webp","image/webp","200","OK","Indexable","","","111","","https://preview.indianapolis.com.br/wp-content/uploads/2026/05/Design-sem-nome-9-convertido-de-png-300x300.webp"
"https://preview.indianapolis.com.br/wp-content/uploads/2026/05/fundicao-ferro-fundido-07-convertido-de-jpg-300x300.webp","image/webp","200","OK","Indexable","","","119","","https://preview.indianapolis.com.br/wp-content/uploads/2026/05/fundicao-ferro-fundido-07-convertido-de-jpg-300x300.webp"
"https://preview.indianapolis.com.br/wp-content/uploads/2026/05/close-up-em-pulseiras-metalicas_23-2151113181-740x600-convertido-de-jpeg.webp","image/webp","200","OK","Indexable","","","140","","https://preview.indianapolis.com.br/wp-content/uploads/2026/05/close-up-em-pulseiras-metalicas_23-2151113181-740x600-convertido-de-jpeg.webp"
"https://preview.indianapolis.com.br/wp-content/uploads/2026/05/fundicao-pecas-agricolas-04-convertido-de-jpg-300x300.webp","image/webp","200","OK","Indexable","","","121","","https://preview.indianapolis.com.br/wp-content/uploads/2026/05/fundicao-pecas-agricolas-04-convertido-de-jpg-300x300.webp"
"https://preview.indianapolis.com.br/wp-content/uploads/2026/05/Design-sem-nome-4-convertido-de-png-300x300.webp","image/webp","200","OK","Indexable","","","111","","https://preview.indianapolis.com.br/wp-content/uploads/2026/05/Design-sem-nome-4-convertido-de-png-300x300.webp"
"https://preview.indianapolis.com.br/wp-content/uploads/2026/05/download-1-convertido-de-jpg.webp","image/webp","200","OK","Indexable","","","96","","https://preview.indianapolis.com.br/wp-content/uploads/2026/05/download-1-convertido-de-jpg.webp"
"https://preview.indianapolis.com.br/produto/porca-do-cardan/","text/html; charset=UTF-8","200","OK","Indexable","","2034856f32dc7da4e98302eabac2046c","60","https://preview.indianapolis.com.br/produto/porca-do-cardan/","https://preview.indianapolis.com.br/produto/porca-do-cardan/"
"https://preview.indianapolis.com.br/produto/fundicao-ferro-fundido/","text/html; charset=UTF-8","200","OK","Indexable","","6c2eb00e726d8a8ae1f0bcddd169541b","67","https://preview.indianapolis.com.br/produto/fundicao-ferro-fundido/","https://preview.indianapolis.com.br/produto/fundicao-ferro-fundido/"
"https://preview.indianapolis.com.br/wp-content/uploads/elementor/css/post-18.css?ver=1782173434","text/css","200","OK","Indexable","","","95","","https://preview.indianapolis.com.br/wp-content/uploads/elementor/css/post-18.css?ver=1782173434"
"https://preview.indianapolis.com.br/wp-content/uploads/2026/05/Design-sem-nome-10-convertido-de-png-300x300.webp","image/webp","200","OK","Indexable","","","112","","https://preview.indianapolis.com.br/wp-content/uploads/2026/05/Design-sem-nome-10-convertido-de-png-300x300.webp"
"https://preview.indianapolis.com.br/categoria-produto/aneis-de-segmento/","text/html; charset=UTF-8","200","OK","Indexable","","fadade5531685d60f3346536bf02b289","72","https://preview.indianapolis.com.br/categoria-produto/aneis-de-segmento/","https://preview.indianapolis.com.br/categoria-produto/aneis-de-segmento/"
"https://preview.indianapolis.com.br/wp-content/plugins/elementor/assets/css/widget-image-box.min.css?ver=4.1.1","text/css","200","OK","Indexable","","","110","","https://preview.indianapolis.com.br/wp-content/plugins/elementor/assets/css/widget-image-box.min.css?ver=4.1.1"
"https://preview.indianapolis.com.br/wp-content/plugins/elementor/assets/css/widget-google_maps.min.css?ver=4.1.1","text/css","200","OK","Indexable","","","112","","https://preview.indianapolis.com.br/wp-content/plugins/elementor/assets/css/widget-google_maps.min.css?ver=4.1.1"
"https://preview.indianapolis.com.br/wp-content/uploads/2026/05/blog-fabricante-de-pecas-automotivas-f9f4bf65b5-convertido-de-jpg.webp","image/webp","200","OK","Indexable","","","133","","https://preview.indianapolis.com.br/wp-content/uploads/2026/05/blog-fabricante-de-pecas-automotivas-f9f4bf65b5-convertido-de-jpg.webp"
"https://preview.indianapolis.com.br/wp-content/uploads/elementor/css/post-22.css?ver=1782173433","text/css","200","OK","Indexable","","","95","","https://preview.indianapolis.com.br/wp-content/uploads/elementor/css/post-22.css?ver=1782173433"
"https://preview.indianapolis.com.br/produto/fundicao-de-pecas-em-ferro-fundido/","text/html; charset=UTF-8","200","OK","Indexable","","d511060c8272fa413158a348eb2434ed","79","https://preview.indianapolis.com.br/produto/fundicao-de-pecas-em-ferro-fundido/","https://preview.indianapolis.com.br/produto/fundicao-de-pecas-em-ferro-fundido/"
"https://preview.indianapolis.com.br/wp-content/uploads/elementor/thumbs/telephone-rmrn9222i1iuz1khvj18c9m5tg1uk13za1osd73djq.png","image/png","200","OK","Indexable","","","128","","https://preview.indianapolis.com.br/wp-content/uploads/elementor/thumbs/telephone-rmrn9222i1iuz1khvj18c9m5tg1uk13za1osd73djq.png"
"https://preview.indianapolis.com.br/categoria-produto/construcao-civil/","text/html; charset=UTF-8","200","OK","Indexable","","c4bc3c736e88a211bcd3cd5603f23f30","71","https://preview.indianapolis.com.br/categoria-produto/construcao-civil/","https://preview.indianapolis.com.br/categoria-produto/construcao-civil/"
"https://preview.indianapolis.com.br/wp-content/uploads/2026/05/blog-fornecedor-aneis-de-segmento-7b9de1870c-convertido-de-jpg.webp","image/webp","200","OK","Indexable","","","130","","https://preview.indianapolis.com.br/wp-content/uploads/2026/05/blog-fornecedor-aneis-de-segmento-7b9de1870c-convertido-de-jpg.webp"
"https://preview.indianapolis.com.br/categoria-produto/maquinas-e-equipamentos/","text/html; charset=UTF-8","200","OK","Indexable","","5660d4761c99b6999ace8513432dfae0","78","https://preview.indianapolis.com.br/categoria-produto/maquinas-e-equipamentos/","https://preview.indianapolis.com.br/categoria-produto/maquinas-e-equipamentos/"
"https://preview.indianapolis.com.br/wp-content/uploads/elementor/thumbs/LOGOTIPO-HORIZONTAL-1-1-scaled-rmro3g691byqej42gvw7f1gzulvbcjnrsrgzdy8la6.png","image/png","200","OK","Indexable","","","149","","https://preview.indianapolis.com.br/wp-content/uploads/elementor/thumbs/LOGOTIPO-HORIZONTAL-1-1-scaled-rmro3g691byqej42gvw7f1gzulvbcjnrsrgzdy8la6.png"
"https://preview.indianapolis.com.br/wp-content/uploads/elementor/thumbs/mail-rmrnpfevj5xn6jsfa3sb9mw6a1czm93oj2q89otj6e.png","image/png","200","OK","Indexable","","","123","","https://preview.indianapolis.com.br/wp-content/uploads/elementor/thumbs/mail-rmrnpfevj5xn6jsfa3sb9mw6a1czm93oj2q89otj6e.png"
"https://preview.indianapolis.com.br/wp-content/uploads/2026/05/blog-fabricante-aneis-de-segmento-9c26fa552b-convertido-de-jpg.webp","image/webp","200","OK","Indexable","","","130","","https://preview.indianapolis.com.br/wp-content/uploads/2026/05/blog-fabricante-aneis-de-segmento-9c26fa552b-convertido-de-jpg.webp"
"https://preview.indianapolis.com.br/wp-content/uploads/elementor/css/post-560.css?ver=1782173052","text/css","200","OK","Indexable","","","96","","https://preview.indianapolis.com.br/wp-content/uploads/elementor/css/post-560.css?ver=1782173052"
"https://preview.indianapolis.com.br/wp-content/uploads/2026/05/blog-anel-de-segmento-para-compressor-2dd9f70420-convertido-de-jpg.webp","image/webp","200","OK","Indexable","","","134","","https://preview.indianapolis.com.br/wp-content/uploads/2026/05/blog-anel-de-segmento-para-compressor-2dd9f70420-convertido-de-jpg.webp"
"https://preview.indianapolis.com.br/wp-includes/css/dist/block-library/style.min.css?ver=6.9.4","text/css","200","OK","Indexable","","","94","","https://preview.indianapolis.com.br/wp-includes/css/dist/block-library/style.min.css?ver=6.9.4"
"https://preview.indianapolis.com.br/wp-content/uploads/2026/05/blog-pecas-para-tratores-agricolas-c9c680bdfb-convertido-de-png.webp","image/webp","200","OK","Indexable","","","131","","https://preview.indianapolis.com.br/wp-content/uploads/2026/05/blog-pecas-para-tratores-agricolas-c9c680bdfb-convertido-de-png.webp"
"https://preview.indianapolis.com.br/anel-de-segmento-do-motor/","text/html; charset=UTF-8","200","OK","Indexable","","94554d05cfd2b04a8b54c5664ee1f38f","62","https://preview.indianapolis.com.br/anel-de-segmento-do-motor/","https://preview.indianapolis.com.br/anel-de-segmento-do-motor/"
"https://preview.indianapolis.com.br/cabecote-para-compressor/","text/html; charset=UTF-8","200","OK","Indexable","","5f0965e224f8329db1616f87f86594db","61","https://preview.indianapolis.com.br/cabecote-para-compressor/","https://preview.indianapolis.com.br/cabecote-para-compressor/"
"https://preview.indianapolis.com.br/fundicao-de-ferros/","text/html; charset=UTF-8","200","OK","Indexable","","82686581b741eae80c6000d01342bb03","55","https://preview.indianapolis.com.br/fundicao-de-ferros/","https://preview.indianapolis.com.br/fundicao-de-ferros/"
"https://preview.indianapolis.com.br/fabricante-de-pecas-automotivas/","text/html; charset=UTF-8","200","OK","Indexable","","5d89ffc54b920dda37ae556914746d04","68","https://preview.indianapolis.com.br/fabricante-de-pecas-automotivas/","https://preview.indianapolis.com.br/fabricante-de-pecas-automotivas/"
"https://preview.indianapolis.com.br/camisa-compressor/","text/html; charset=UTF-8","200","OK","Indexable","","a54d3eb6de7c003f86d6ee5e91f14451","54","https://preview.indianapolis.com.br/camisa-compressor/","https://preview.indianapolis.com.br/camisa-compressor/"
"https://preview.indianapolis.com.br/wp-content/uploads/2026/05/blog-cabecote-compressor-de-ar-75348e99ad-convertido-de-jpg.webp","image/webp","200","OK","Indexable","","","127","","https://preview.indianapolis.com.br/wp-content/uploads/2026/05/blog-cabecote-compressor-de-ar-75348e99ad-convertido-de-jpg.webp"
"https://preview.indianapolis.com.br/wp-content/uploads/elementor/thumbs/LOGOTIPO-HORIZONTAL-2-_1_-scaled-rmrqnbwb4n3ufhx6mwprfd6powqo7isrky9mckurgy.webp","image/webp","200","OK","Indexable","","","152","","https://preview.indianapolis.com.br/wp-content/uploads/elementor/thumbs/LOGOTIPO-HORIZONTAL-2-_1_-scaled-rmrqnbwb4n3ufhx6mwprfd6powqo7isrky9mckurgy.webp"
"https://preview.indianapolis.com.br/wp-content/uploads/2026/05/blog-fundicao-de-ferro-em-itaquaquecetuba-sp-b596c30d9a-convertido-de-jpg.webp","image/webp","200","OK","Indexable","","","141","","https://preview.indianapolis.com.br/wp-content/uploads/2026/05/blog-fundicao-de-ferro-em-itaquaquecetuba-sp-b596c30d9a-convertido-de-jpg.webp"
"https://preview.indianapolis.com.br/wp-content/uploads/2026/05/Design-sem-nome-1-convertido-de-png-300x300.webp","image/webp","200","OK","Indexable","","","111","","https://preview.indianapolis.com.br/wp-content/uploads/2026/05/Design-sem-nome-1-convertido-de-png-300x300.webp"
"https://preview.indianapolis.com.br/wp-content/uploads/2026/05/construcao-civil-10-convertido-de-jpg-300x300.webp","image/webp","200","OK","Indexable","","","113","","https://preview.indianapolis.com.br/wp-content/uploads/2026/05/construcao-civil-10-convertido-de-jpg-300x300.webp"
"https://preview.indianapolis.com.br/preco-ferro-fundido/","text/html; charset=UTF-8","200","OK","Indexable","","65ce52130fde0d6a4245a714861a449c","56","https://preview.indianapolis.com.br/preco-ferro-fundido/","https://preview.indianapolis.com.br/preco-ferro-fundido/"
"https://preview.indianapolis.com.br/anel-de-segmento-preco/","text/html; charset=UTF-8","200","OK","Indexable","","9f30060af72a26b2c29b3c49f0e0c30c","59","https://preview.indianapolis.com.br/anel-de-segmento-preco/","https://preview.indianapolis.com.br/anel-de-segmento-preco/"
"https://preview.indianapolis.com.br/anel-de-segmento/","text/html; charset=UTF-8","200","OK","Indexable","","dd9826250fb5a40b4d9e44c15850fa70","53","https://preview.indianapolis.com.br/anel-de-segmento/","https://preview.indianapolis.com.br/anel-de-segmento/"
"https://preview.indianapolis.com.br/pecas-para-tratores/","text/html; charset=UTF-8","200","OK","Indexable","","3d67174c18ea83252590f6a929d5c3c8","56","https://preview.indianapolis.com.br/pecas-para-tratores/","https://preview.indianapolis.com.br/pecas-para-tratores/"
"https://preview.indianapolis.com.br/wp-content/uploads/2026/05/Design-sem-nome-1-convertido-de-png-1-300x300.webp","image/webp","200","OK","Indexable","","","113","","https://preview.indianapolis.com.br/wp-content/uploads/2026/05/Design-sem-nome-1-convertido-de-png-1-300x300.webp"
"https://preview.indianapolis.com.br/wp-content/uploads/2026/05/Design-sem-nome-1-convertido-de-png-2-300x300.webp","image/webp","200","OK","Indexable","","","113","","https://preview.indianapolis.com.br/wp-content/uploads/2026/05/Design-sem-nome-1-convertido-de-png-2-300x300.webp"
"https://preview.indianapolis.com.br/produto/abracadeira-rapida/","text/html; charset=UTF-8","200","OK","Indexable","","29fe98861de09757a18423156593f561","63","https://preview.indianapolis.com.br/produto/abracadeira-rapida/","https://preview.indianapolis.com.br/produto/abracadeira-rapida/"
"https://preview.indianapolis.com.br/wp-content/uploads/2026/05/Design-sem-nome-convertido-de-png-1-300x300.webp","image/webp","200","OK","Indexable","","","111","","https://preview.indianapolis.com.br/wp-content/uploads/2026/05/Design-sem-nome-convertido-de-png-1-300x300.webp"
"https://preview.indianapolis.com.br/wp-content/uploads/2026/05/blog-fabricante-de-abracadeiras-para-bombeamento-de-concreto-255010c7aa-1-convertido-de-jpg-300x300.webp","image/webp","200","OK","Indexable","","","167","","https://preview.indianapolis.com.br/wp-content/uploads/2026/05/blog-fabricante-de-abracadeiras-para-bombeamento-de-concreto-255010c7aa-1-convertido-de-jpg-300x300.webp"
"https://preview.indianapolis.com.br/produto/tirante-para-elevador/","text/html; charset=UTF-8","200","OK","Indexable","","34bf3cd60fde0f5e563ad2f29b1b416e","66","https://preview.indianapolis.com.br/produto/tirante-para-elevador/","https://preview.indianapolis.com.br/produto/tirante-para-elevador/"
"https://preview.indianapolis.com.br/produto/rolo-de-apoio/","text/html; charset=UTF-8","200","OK","Indexable","","d4549f6546cab332182a5acb4e0d6bab","58","https://preview.indianapolis.com.br/produto/rolo-de-apoio/","https://preview.indianapolis.com.br/produto/rolo-de-apoio/"
"https://preview.indianapolis.com.br/wp-content/uploads/2026/05/Design-sem-nome-2-convertido-de-png-300x300.webp","image/webp","200","OK","Indexable","","","111","","https://preview.indianapolis.com.br/wp-content/uploads/2026/05/Design-sem-nome-2-convertido-de-png-300x300.webp"
"https://preview.indianapolis.com.br/produto/abracadeira-fixa/","text/html; charset=UTF-8","200","OK","Indexable","","9d7c3c2c46bb392a6467f9bac9f499a3","61","https://preview.indianapolis.com.br/produto/abracadeira-fixa/","https://preview.indianapolis.com.br/produto/abracadeira-fixa/"
"https://preview.indianapolis.com.br/produto/placa-de-ancoragem/","text/html; charset=UTF-8","200","OK","Indexable","","a1cc7448738b4c888a064261388f4a39","63","https://preview.indianapolis.com.br/produto/placa-de-ancoragem/","https://preview.indianapolis.com.br/produto/placa-de-ancoragem/"
"https://preview.indianapolis.com.br/produto/pecas-bomba-concreto/","text/html; charset=UTF-8","200","OK","Indexable","","f2c11ae1c4fe18a653982a915f3cc533","65","https://preview.indianapolis.com.br/produto/pecas-bomba-concreto/","https://preview.indianapolis.com.br/produto/pecas-bomba-concreto/"
"https://preview.indianapolis.com.br/wp-content/uploads/2026/05/Design-sem-nome-1-convertido-de-png-3-300x300.webp","image/webp","200","OK","Indexable","","","113","","https://preview.indianapolis.com.br/wp-content/uploads/2026/05/Design-sem-nome-1-convertido-de-png-3-300x300.webp"
"https://preview.indianapolis.com.br/wp-content/uploads/2026/05/Design-sem-nome-9-convertido-de-png-600x400.webp","image/webp","200","OK","Indexable","","","111","","https://preview.indianapolis.com.br/wp-content/uploads/2026/05/Design-sem-nome-9-convertido-de-png-600x400.webp"
"https://preview.indianapolis.com.br/wp-content/uploads/2026/05/Design-sem-nome-convertido-de-png-300x300.webp","image/webp","200","OK","Indexable","","","109","","https://preview.indianapolis.com.br/wp-content/uploads/2026/05/Design-sem-nome-convertido-de-png-300x300.webp"
"https://preview.indianapolis.com.br/produto/rolo-de-apoio-para-betoneira/","text/html; charset=UTF-8","200","OK","Indexable","","354b2a0ce30002108ebf1b43361f7102","73","https://preview.indianapolis.com.br/produto/rolo-de-apoio-para-betoneira/","https://preview.indianapolis.com.br/produto/rolo-de-apoio-para-betoneira/"
"https://preview.indianapolis.com.br/wp-content/uploads/2026/05/Design-sem-nome-9-convertido-de-png.webp","image/webp","200","OK","Indexable","","","103","","https://preview.indianapolis.com.br/wp-content/uploads/2026/05/Design-sem-nome-9-convertido-de-png.webp"
"https://preview.indianapolis.com.br/wp-content/uploads/2026/05/blog-fabricante-aneis-de-segmento-9c26fa552b-convertido-de-jpg-300x300.webp","image/webp","200","OK","Indexable","","","138","","https://preview.indianapolis.com.br/wp-content/uploads/2026/05/blog-fabricante-aneis-de-segmento-9c26fa552b-convertido-de-jpg-300x300.webp"
"https://preview.indianapolis.com.br/produto/rolo-apoio-betoneira/","text/html; charset=UTF-8","200","OK","Indexable","","df3d4b353e0363147e2a1a3efa1b864c","65","https://preview.indianapolis.com.br/produto/rolo-apoio-betoneira/","https://preview.indianapolis.com.br/produto/rolo-apoio-betoneira/"
"https://preview.indianapolis.com.br/produto/polia-de-elevador/","text/html; charset=UTF-8","200","OK","Indexable","","bc8abace29d5e1af44f0f1f6e08386ab","62","https://preview.indianapolis.com.br/produto/polia-de-elevador/","https://preview.indianapolis.com.br/produto/polia-de-elevador/"
"https://preview.indianapolis.com.br/wp-content/uploads/2026/05/fundicao-ferro-fundido-08-convertido-de-jpg-600x450.webp","image/webp","200","OK","Indexable","","","119","","https://preview.indianapolis.com.br/wp-content/uploads/2026/05/fundicao-ferro-fundido-08-convertido-de-jpg-600x450.webp"
"https://preview.indianapolis.com.br/wp-content/uploads/2026/05/fundicao-ferro-fundido-05-convertido-de-jpg-600x538.webp","image/webp","200","OK","Indexable","","","119","","https://preview.indianapolis.com.br/wp-content/uploads/2026/05/fundicao-ferro-fundido-05-convertido-de-jpg-600x538.webp"
"https://preview.indianapolis.com.br/wp-content/uploads/2026/05/fundicao-ferro-fundido-06-convertido-de-jpg-600x450.webp","image/webp","200","OK","Indexable","","","119","","https://preview.indianapolis.com.br/wp-content/uploads/2026/05/fundicao-ferro-fundido-06-convertido-de-jpg-600x450.webp"
"https://preview.indianapolis.com.br/wp-content/uploads/2026/05/fundicao-ferro-fundido-07-convertido-de-jpg-600x450.webp","image/webp","200","OK","Indexable","","","119","","https://preview.indianapolis.com.br/wp-content/uploads/2026/05/fundicao-ferro-fundido-07-convertido-de-jpg-600x450.webp"
"https://preview.indianapolis.com.br/wp-content/uploads/2026/05/fundicao-ferro-fundido-06-convertido-de-jpg.webp","image/webp","200","OK","Indexable","","","111","","https://preview.indianapolis.com.br/wp-content/uploads/2026/05/fundicao-ferro-fundido-06-convertido-de-jpg.webp"
"https://preview.indianapolis.com.br/categoria-produto/sem-categoria/","text/html; charset=UTF-8","200","OK","Indexable","","d3fbf869cab6dd708623261ce7fd7255","68","https://preview.indianapolis.com.br/categoria-produto/sem-categoria/","https://preview.indianapolis.com.br/categoria-produto/sem-categoria/"
"https://preview.indianapolis.com.br/wp-content/uploads/2026/05/fundicao-ferro-fundido-05-convertido-de-jpg.webp","image/webp","200","OK","Indexable","","","111","","https://preview.indianapolis.com.br/wp-content/uploads/2026/05/fundicao-ferro-fundido-05-convertido-de-jpg.webp"
"https://preview.indianapolis.com.br/wp-content/uploads/2026/05/fundicao-ferro-fundido-07-convertido-de-jpg.webp","image/webp","200","OK","Indexable","","","111","","https://preview.indianapolis.com.br/wp-content/uploads/2026/05/fundicao-ferro-fundido-07-convertido-de-jpg.webp"
"https://preview.indianapolis.com.br/produto/aneis-de-segmento/","text/html; charset=UTF-8","200","OK","Indexable","","e5a3b2b00cae490976afc01293ec1190","62","https://preview.indianapolis.com.br/produto/aneis-de-segmento/","https://preview.indianapolis.com.br/produto/aneis-de-segmento/"
"https://preview.indianapolis.com.br/wp-content/uploads/2026/05/fundicao-ferro-fundido-08-convertido-de-jpg.webp","image/webp","200","OK","Indexable","","","111","","https://preview.indianapolis.com.br/wp-content/uploads/2026/05/fundicao-ferro-fundido-08-convertido-de-jpg.webp"
"https://preview.indianapolis.com.br/wp-content/uploads/2026/05/fundicao-ferro-fundido-04-convertido-de-jpg.webp","image/webp","200","OK","Indexable","","","111","","https://preview.indianapolis.com.br/wp-content/uploads/2026/05/fundicao-ferro-fundido-04-convertido-de-jpg.webp"
"https://preview.indianapolis.com.br/wp-content/uploads/2026/05/Design-sem-nome-3-convertido-de-png.webp","image/webp","200","OK","Indexable","","","103","","https://preview.indianapolis.com.br/wp-content/uploads/2026/05/Design-sem-nome-3-convertido-de-png.webp"
"https://preview.indianapolis.com.br/wp-content/uploads/2026/05/Design-sem-nome-3-convertido-de-png-600x400.webp","image/webp","200","OK","Indexable","","","111","","https://preview.indianapolis.com.br/wp-content/uploads/2026/05/Design-sem-nome-3-convertido-de-png-600x400.webp"
"https://preview.indianapolis.com.br/wp-content/uploads/2026/05/Design-sem-nome-7-convertido-de-png-600x400.webp","image/webp","200","OK","Indexable","","","111","","https://preview.indianapolis.com.br/wp-content/uploads/2026/05/Design-sem-nome-7-convertido-de-png-600x400.webp"
"https://preview.indianapolis.com.br/wp-content/uploads/2026/05/Design-sem-nome-8-convertido-de-png-600x400.webp","image/webp","200","OK","Indexable","","","111","","https://preview.indianapolis.com.br/wp-content/uploads/2026/05/Design-sem-nome-8-convertido-de-png-600x400.webp"
"https://preview.indianapolis.com.br/wp-content/uploads/2026/05/Design-sem-nome-8-convertido-de-png.webp","image/webp","200","OK","Indexable","","","103","","https://preview.indianapolis.com.br/wp-content/uploads/2026/05/Design-sem-nome-8-convertido-de-png.webp"
"https://preview.indianapolis.com.br/wp-content/uploads/2026/05/Design-sem-nome-7-convertido-de-png.webp","image/webp","200","OK","Indexable","","","103","","https://preview.indianapolis.com.br/wp-content/uploads/2026/05/Design-sem-nome-7-convertido-de-png.webp"
"https://preview.indianapolis.com.br/wp-content/uploads/2026/05/Design-sem-nome-15-convertido-de-png.webp","image/webp","200","OK","Indexable","","","104","","https://preview.indianapolis.com.br/wp-content/uploads/2026/05/Design-sem-nome-15-convertido-de-png.webp"
"https://preview.indianapolis.com.br/wp-content/uploads/2026/05/Design-sem-nome-14-convertido-de-png-600x400.webp","image/webp","200","OK","Indexable","","","112","","https://preview.indianapolis.com.br/wp-content/uploads/2026/05/Design-sem-nome-14-convertido-de-png-600x400.webp"
"https://preview.indianapolis.com.br/wp-content/uploads/2026/05/Design-sem-nome-15-convertido-de-png-600x400.webp","image/webp","200","OK","Indexable","","","112","","https://preview.indianapolis.com.br/wp-content/uploads/2026/05/Design-sem-nome-15-convertido-de-png-600x400.webp"
"https://preview.indianapolis.com.br/wp-content/uploads/2026/05/moldes-industria-vidreira-01-convertido-de-jpg-600x450.webp","image/webp","200","OK","Indexable","","","122","","https://preview.indianapolis.com.br/wp-content/uploads/2026/05/moldes-industria-vidreira-01-convertido-de-jpg-600x450.webp"
"https://preview.indianapolis.com.br/wp-content/uploads/2026/05/Design-sem-nome-14-convertido-de-png.webp","image/webp","200","OK","Indexable","","","104","","https://preview.indianapolis.com.br/wp-content/uploads/2026/05/Design-sem-nome-14-convertido-de-png.webp"
"https://preview.indianapolis.com.br/wp-content/uploads/2026/05/moldes-industria-vidreira-01-convertido-de-jpg.webp","image/webp","200","OK","Indexable","","","114","","https://preview.indianapolis.com.br/wp-content/uploads/2026/05/moldes-industria-vidreira-01-convertido-de-jpg.webp"
"https://preview.indianapolis.com.br/wp-content/uploads/2026/05/moldes-industria-vidreira-05-convertido-de-jpg.webp","image/webp","200","OK","Indexable","","","114","","https://preview.indianapolis.com.br/wp-content/uploads/2026/05/moldes-industria-vidreira-05-convertido-de-jpg.webp"
"https://preview.indianapolis.com.br/wp-content/uploads/2026/05/moldes-industria-vidreira-06-convertido-de-jpg.webp","image/webp","200","OK","Indexable","","","114","","https://preview.indianapolis.com.br/wp-content/uploads/2026/05/moldes-industria-vidreira-06-convertido-de-jpg.webp"
"https://preview.indianapolis.com.br/wp-content/uploads/2026/05/fundicao-pecas-agricolas-04-convertido-de-jpg-600x514.webp","image/webp","200","OK","Indexable","","","121","","https://preview.indianapolis.com.br/wp-content/uploads/2026/05/fundicao-pecas-agricolas-04-convertido-de-jpg-600x514.webp"
"https://preview.indianapolis.com.br/wp-content/uploads/2026/05/moldes-industria-vidreira-04-convertido-de-jpg.webp","image/webp","200","OK","Indexable","","","114","","https://preview.indianapolis.com.br/wp-content/uploads/2026/05/moldes-industria-vidreira-04-convertido-de-jpg.webp"
"https://preview.indianapolis.com.br/wp-content/uploads/2026/05/fundicao-pecas-agricolas-01-convertido-de-jpg.webp","image/webp","200","OK","Indexable","","","113","","https://preview.indianapolis.com.br/wp-content/uploads/2026/05/fundicao-pecas-agricolas-01-convertido-de-jpg.webp"
"https://preview.indianapolis.com.br/wp-content/uploads/2026/05/fundicao-pecas-agricolas-04-convertido-de-jpg.webp","image/webp","200","OK","Indexable","","","113","","https://preview.indianapolis.com.br/wp-content/uploads/2026/05/fundicao-pecas-agricolas-04-convertido-de-jpg.webp"
"https://preview.indianapolis.com.br/wp-content/uploads/2026/05/fundicao-pecas-agricolas-01-convertido-de-jpg-600x450.webp","image/webp","200","OK","Indexable","","","121","","https://preview.indianapolis.com.br/wp-content/uploads/2026/05/fundicao-pecas-agricolas-01-convertido-de-jpg-600x450.webp"
"https://preview.indianapolis.com.br/wp-content/uploads/2026/05/fundicao-pecas-agricolas-05-convertido-de-jpg.webp","image/webp","200","OK","Indexable","","","113","","https://preview.indianapolis.com.br/wp-content/uploads/2026/05/fundicao-pecas-agricolas-05-convertido-de-jpg.webp"
"https://preview.indianapolis.com.br/wp-content/uploads/2026/05/Design-sem-nome-6-convertido-de-png.webp","image/webp","200","OK","Indexable","","","103","","https://preview.indianapolis.com.br/wp-content/uploads/2026/05/Design-sem-nome-6-convertido-de-png.webp"
"https://preview.indianapolis.com.br/wp-content/uploads/2026/05/Design-sem-nome-6-convertido-de-png-600x400.webp","image/webp","200","OK","Indexable","","","111","","https://preview.indianapolis.com.br/wp-content/uploads/2026/05/Design-sem-nome-6-convertido-de-png-600x400.webp"
"https://preview.indianapolis.com.br/categoria-produto/industria-vidreira/","text/html; charset=UTF-8","200","OK","Indexable","","132504e640fa1b14fff758fb2c4299e0","73","https://preview.indianapolis.com.br/categoria-produto/industria-vidreira/","https://preview.indianapolis.com.br/categoria-produto/industria-vidreira/"
"https://preview.indianapolis.com.br/wp-content/uploads/2026/05/Design-sem-nome-5-convertido-de-png.webp","image/webp","200","OK","Indexable","","","103","","https://preview.indianapolis.com.br/wp-content/uploads/2026/05/Design-sem-nome-5-convertido-de-png.webp"
"https://preview.indianapolis.com.br/wp-content/uploads/2026/05/Design-sem-nome-5-convertido-de-png-600x400.webp","image/webp","200","OK","Indexable","","","111","","https://preview.indianapolis.com.br/wp-content/uploads/2026/05/Design-sem-nome-5-convertido-de-png-600x400.webp"
"https://preview.indianapolis.com.br/wp-content/uploads/2026/05/Design-sem-nome-4-convertido-de-png.webp","image/webp","200","OK","Indexable","","","103","","https://preview.indianapolis.com.br/wp-content/uploads/2026/05/Design-sem-nome-4-convertido-de-png.webp"
"https://preview.indianapolis.com.br/wp-content/uploads/2026/05/Design-sem-nome-4-convertido-de-png-600x400.webp","image/webp","200","OK","Indexable","","","111","","https://preview.indianapolis.com.br/wp-content/uploads/2026/05/Design-sem-nome-4-convertido-de-png-600x400.webp"
"https://preview.indianapolis.com.br/wp-content/uploads/2026/05/Design-sem-nome-11-convertido-de-png-600x400.webp","image/webp","200","OK","Indexable","","","112","","https://preview.indianapolis.com.br/wp-content/uploads/2026/05/Design-sem-nome-11-convertido-de-png-600x400.webp"
"https://preview.indianapolis.com.br/wp-content/uploads/2026/05/Design-sem-nome-10-convertido-de-png.webp","image/webp","200","OK","Indexable","","","104","","https://preview.indianapolis.com.br/wp-content/uploads/2026/05/Design-sem-nome-10-convertido-de-png.webp"
"https://preview.indianapolis.com.br/wp-content/uploads/2026/05/Design-sem-nome-11-convertido-de-png.webp","image/webp","200","OK","Indexable","","","104","","https://preview.indianapolis.com.br/wp-content/uploads/2026/05/Design-sem-nome-11-convertido-de-png.webp"
"https://preview.indianapolis.com.br/wp-content/plugins/woocommerce/assets/css/photoswipe/default-skin/default-skin.min.css?ver=10.7.0","text/css","200","OK","Indexable","","","133","","https://preview.indianapolis.com.br/wp-content/plugins/woocommerce/assets/css/photoswipe/default-skin/default-skin.min.css?ver=10.7.0"
"https://preview.indianapolis.com.br/wp-content/plugins/woocommerce/assets/js/frontend/single-product.min.js?ver=10.7.0","application/x-javascript","200","OK","Indexable","","","118","","https://preview.indianapolis.com.br/wp-content/plugins/woocommerce/assets/js/frontend/single-product.min.js?ver=10.7.0"
"https://preview.indianapolis.com.br/wp-content/plugins/woocommerce/assets/css/photoswipe/photoswipe.min.css?ver=10.7.0","text/css","200","OK","Indexable","","","118","","https://preview.indianapolis.com.br/wp-content/plugins/woocommerce/assets/css/photoswipe/photoswipe.min.css?ver=10.7.0"
"https://preview.indianapolis.com.br/wp-content/plugins/woocommerce/assets/js/photoswipe/photoswipe-ui-default.min.js?ver=4.1.1-wc.10.7.0","application/x-javascript","200","OK","Indexable","","","136","","https://preview.indianapolis.com.br/wp-content/plugins/woocommerce/assets/js/photoswipe/photoswipe-ui-default.min.js?ver=4.1.1-wc.10.7.0"
"https://preview.indianapolis.com.br/wp-content/uploads/2026/05/Design-sem-nome-12-convertido-de-png.webp","image/webp","200","OK","Indexable","","","104","","https://preview.indianapolis.com.br/wp-content/uploads/2026/05/Design-sem-nome-12-convertido-de-png.webp"
"https://preview.indianapolis.com.br/wp-content/uploads/2026/05/Design-sem-nome-13-convertido-de-png-600x400.webp","image/webp","200","OK","Indexable","","","112","","https://preview.indianapolis.com.br/wp-content/uploads/2026/05/Design-sem-nome-13-convertido-de-png-600x400.webp"
"https://preview.indianapolis.com.br/wp-content/plugins/woocommerce/assets/js/photoswipe/photoswipe.min.js?ver=4.1.1-wc.10.7.0","application/x-javascript","200","OK","Indexable","","","125","","https://preview.indianapolis.com.br/wp-content/plugins/woocommerce/assets/js/photoswipe/photoswipe.min.js?ver=4.1.1-wc.10.7.0"
"https://preview.indianapolis.com.br/wp-content/plugins/woocommerce/assets/js/flexslider/jquery.flexslider.min.js?ver=2.7.2-wc.10.7.0","application/x-javascript","200","OK","Indexable","","","132","","https://preview.indianapolis.com.br/wp-content/plugins/woocommerce/assets/js/flexslider/jquery.flexslider.min.js?ver=2.7.2-wc.10.7.0"
"https://preview.indianapolis.com.br/wp-content/uploads/2026/05/Design-sem-nome-13-convertido-de-png.webp","image/webp","200","OK","Indexable","","","104","","https://preview.indianapolis.com.br/wp-content/uploads/2026/05/Design-sem-nome-13-convertido-de-png.webp"
"https://preview.indianapolis.com.br/wp-content/plugins/woocommerce/assets/js/zoom/jquery.zoom.min.js?ver=1.7.21-wc.10.7.0","application/x-javascript","200","OK","Indexable","","","121","","https://preview.indianapolis.com.br/wp-content/plugins/woocommerce/assets/js/zoom/jquery.zoom.min.js?ver=1.7.21-wc.10.7.0"
"https://preview.indianapolis.com.br/wp-content/uploads/2026/05/Design-sem-nome-12-convertido-de-png-600x400.webp","image/webp","200","OK","Indexable","","","112","","https://preview.indianapolis.com.br/wp-content/uploads/2026/05/Design-sem-nome-12-convertido-de-png-600x400.webp"
"https://preview.indianapolis.com.br/wp-content/uploads/2026/05/Design-sem-nome-10-convertido-de-png-600x400.webp","image/webp","200","OK","Indexable","","","112","","https://preview.indianapolis.com.br/wp-content/uploads/2026/05/Design-sem-nome-10-convertido-de-png-600x400.webp"
"https://preview.indianapolis.com.br/wp-content/uploads/2026/05/images-2-convertido-de-jpg.webp","image/webp","200","OK","Indexable","","","94","","https://preview.indianapolis.com.br/wp-content/uploads/2026/05/images-2-convertido-de-jpg.webp"
"https://preview.indianapolis.com.br/wp-content/uploads/2026/05/blog-fornecedor-aneis-de-segmento-7b9de1870c-convertido-de-jpg-600x450.webp","image/webp","200","OK","Indexable","","","138","","https://preview.indianapolis.com.br/wp-content/uploads/2026/05/blog-fornecedor-aneis-de-segmento-7b9de1870c-convertido-de-jpg-600x450.webp"
"https://preview.indianapolis.com.br/wp-content/uploads/2026/05/blog-fabricante-aneis-de-segmento-9c26fa552b-convertido-de-jpg-600x514.webp","image/webp","200","OK","Indexable","","","138","","https://preview.indianapolis.com.br/wp-content/uploads/2026/05/blog-fabricante-aneis-de-segmento-9c26fa552b-convertido-de-jpg-600x514.webp"
"https://preview.indianapolis.com.br/wp-content/uploads/2026/05/Design-sem-nome-1-convertido-de-png-1-600x400.webp","image/webp","200","OK","Indexable","","","113","","https://preview.indianapolis.com.br/wp-content/uploads/2026/05/Design-sem-nome-1-convertido-de-png-1-600x400.webp"
"https://preview.indianapolis.com.br/wp-content/uploads/2026/05/Design-sem-nome-1-convertido-de-png-1.webp","image/webp","200","OK","Indexable","","","105","","https://preview.indianapolis.com.br/wp-content/uploads/2026/05/Design-sem-nome-1-convertido-de-png-1.webp"
"https://preview.indianapolis.com.br/wp-content/uploads/2026/05/Design-sem-nome-1-convertido-de-png-2.webp","image/webp","200","OK","Indexable","","","105","","https://preview.indianapolis.com.br/wp-content/uploads/2026/05/Design-sem-nome-1-convertido-de-png-2.webp"
"https://preview.indianapolis.com.br/wp-content/uploads/2026/05/construcao-civil-10-convertido-de-jpg.webp","image/webp","200","OK","Indexable","","","105","","https://preview.indianapolis.com.br/wp-content/uploads/2026/05/construcao-civil-10-convertido-de-jpg.webp"
"https://preview.indianapolis.com.br/wp-content/uploads/2026/05/construcao-civil-10-convertido-de-jpg-600x450.webp","image/webp","200","OK","Indexable","","","113","","https://preview.indianapolis.com.br/wp-content/uploads/2026/05/construcao-civil-10-convertido-de-jpg-600x450.webp"
"https://preview.indianapolis.com.br/wp-content/uploads/2026/05/Design-sem-nome-convertido-de-png-1-600x400.webp","image/webp","200","OK","Indexable","","","111","","https://preview.indianapolis.com.br/wp-content/uploads/2026/05/Design-sem-nome-convertido-de-png-1-600x400.webp"
"https://preview.indianapolis.com.br/wp-content/uploads/2026/05/Design-sem-nome-1-convertido-de-png-2-600x400.webp","image/webp","200","OK","Indexable","","","113","","https://preview.indianapolis.com.br/wp-content/uploads/2026/05/Design-sem-nome-1-convertido-de-png-2-600x400.webp"
"https://preview.indianapolis.com.br/wp-content/uploads/2026/05/Design-sem-nome-convertido-de-png-1.webp","image/webp","200","OK","Indexable","","","103","","https://preview.indianapolis.com.br/wp-content/uploads/2026/05/Design-sem-nome-convertido-de-png-1.webp"
"https://preview.indianapolis.com.br/wp-content/uploads/2026/05/Design-sem-nome-1-convertido-de-png-3-600x400.webp","image/webp","200","OK","Indexable","","","113","","https://preview.indianapolis.com.br/wp-content/uploads/2026/05/Design-sem-nome-1-convertido-de-png-3-600x400.webp"
"https://preview.indianapolis.com.br/wp-content/uploads/2026/05/Design-sem-nome-1-convertido-de-png-3.webp","image/webp","200","OK","Indexable","","","105","","https://preview.indianapolis.com.br/wp-content/uploads/2026/05/Design-sem-nome-1-convertido-de-png-3.webp"
"https://preview.indianapolis.com.br/wp-content/uploads/2026/05/blog-fabricante-de-abracadeiras-para-bombeamento-de-concreto-255010c7aa-1-convertido-de-jpg-600x400.webp","image/webp","200","OK","Indexable","","","167","","https://preview.indianapolis.com.br/wp-content/uploads/2026/05/blog-fabricante-de-abracadeiras-para-bombeamento-de-concreto-255010c7aa-1-convertido-de-jpg-600x400.webp"
"https://preview.indianapolis.com.br/wp-content/uploads/2026/05/Design-sem-nome-2-convertido-de-png-600x400.webp","image/webp","200","OK","Indexable","","","111","","https://preview.indianapolis.com.br/wp-content/uploads/2026/05/Design-sem-nome-2-convertido-de-png-600x400.webp"
"https://preview.indianapolis.com.br/wp-content/uploads/2026/05/Design-sem-nome-2-convertido-de-png.webp","image/webp","200","OK","Indexable","","","103","","https://preview.indianapolis.com.br/wp-content/uploads/2026/05/Design-sem-nome-2-convertido-de-png.webp"
"https://preview.indianapolis.com.br/wp-content/uploads/2026/05/blog-fabricante-de-abracadeiras-para-bombeamento-de-concreto-255010c7aa-1-convertido-de-jpg.webp","image/webp","200","OK","Indexable","","","159","","https://preview.indianapolis.com.br/wp-content/uploads/2026/05/blog-fabricante-de-abracadeiras-para-bombeamento-de-concreto-255010c7aa-1-convertido-de-jpg.webp"
"https://preview.indianapolis.com.br/wp-content/uploads/2026/05/Design-sem-nome-1-convertido-de-png-600x400.webp","image/webp","200","OK","Indexable","","","111","","https://preview.indianapolis.com.br/wp-content/uploads/2026/05/Design-sem-nome-1-convertido-de-png-600x400.webp"
"https://preview.indianapolis.com.br/wp-content/uploads/2026/05/Design-sem-nome-1-convertido-de-png.webp","image/webp","200","OK","Indexable","","","103","","https://preview.indianapolis.com.br/wp-content/uploads/2026/05/Design-sem-nome-1-convertido-de-png.webp"
"https://preview.indianapolis.com.br/wp-content/uploads/2026/05/Design-sem-nome-convertido-de-png-600x400.webp","image/webp","200","OK","Indexable","","","109","","https://preview.indianapolis.com.br/wp-content/uploads/2026/05/Design-sem-nome-convertido-de-png-600x400.webp"
"https://preview.indianapolis.com.br/wp-content/uploads/2026/05/Design-sem-nome-1-convertido-de-png-1-1-600x400.webp","image/webp","200","OK","Indexable","","","115","","https://preview.indianapolis.com.br/wp-content/uploads/2026/05/Design-sem-nome-1-convertido-de-png-1-1-600x400.webp"
"https://preview.indianapolis.com.br/wp-content/uploads/2026/05/Design-sem-nome-1-convertido-de-png-1-1.webp","image/webp","200","OK","Indexable","","","107","","https://preview.indianapolis.com.br/wp-content/uploads/2026/05/Design-sem-nome-1-convertido-de-png-1-1.webp"
"https://preview.indianapolis.com.br/wp-content/uploads/2026/05/Design-sem-nome-convertido-de-png.webp","image/webp","200","OK","Indexable","","","101","","https://preview.indianapolis.com.br/wp-content/uploads/2026/05/Design-sem-nome-convertido-de-png.webp"
