"Address","Status Code","Title 1"
"https://www.lupo.com.br/","200","Lupo Oficial: Roupas Esportivas, Moda Íntima Feminina e Masculina"
"https://www.lupo.com.br/kits","200","Economize com KITS de meias, cuecas, calcinhas e camisetas"
"https://www.lupo.com.br/novidades","200","Novidades | Lupo"
"https://www.lupo.com.br/feminino","200","Moda Feminina | Lupo"
"https://www.lupo.com.br/masculino","200","Moda Masculina | Lupo"
"https://www.lupo.com.br/outlet","200","Lupo Outlet: Diversos produtos com 40% Off - Lupo"
"https://www.lupo.com.br/meninos","200","Moda Infantil Masculina: Roupas, Meias, Cuecas, Pijamas"
"https://www.lupo.com.br/pijamas","200","Pijamas | Lupo"
"https://www.lupo.com.br/account","200","Lupo Oficial: Roupas Esportivas, Moda Íntima Feminina e Masculina"
"https://www.lupo.com.br/pijama-lupo-af-americano-longo-24602-001/p","200","Pijama Lupo AF Americano Longo - Lupo"
"https://www.lupo.com.br/meninas","200","Moda Infantil Feminina: Meias, Calcinhas, Pijamas e Mais | Lupo"
"https://www.lupo.com.br/pijamas?map=productclusternames","200","Pijamas | Lupo"
"https://www.lupo.com.br/pijama-lupo-kf-shdoll-raglan-22683-001/p","200","Pijama Lupo KF Sh.Doll Raglan - Lupo"
"https://www.lupo.com.br/pijama-lupo-af-curto-coffee-24687-001/p","200","Pijama Lupo AF Curto Coffee - Lupo"
"https://www.lupo.com.br/meia-lupo-ku-sap-invisivel-k2-02170-088/p","200","Meia Lupo KU Sap. Invisivel K2 - Lupo"
"https://www.lupo.com.br/meninas/","200","Moda Infantil Feminina: Meias, Calcinhas, Pijamas e Mais | Lupo"
"https://www.lupo.com.br/pijama-lupo-kf-abotoado-22623-001/p","200","Pijama Lupo KF Abotoado - Lupo"
"https://www.lupo.com.br/pijama-lupo-kf-longo-jogger-22620-001/p","200","Pijama Lupo KF Longo Jogger - Lupo"
"https://www.lupo.com.br/meia-lupo-ku-sap-anti-02286-002/p","200","Meia Lupo Kids Sapatilha Antiderrapante - Lupo"
"https://www.lupo.com.br/meia-disney-kids-unissex-divertida-mente--02403-001/p","200","Meia Disney Kids Unissex Divertida Mente | Lupo - Lupo"
"https://www.lupo.com.br/meninas/pijamas","200","Pijamas infantis, Baby Doll e Camisolas em até 3x | Lupo"
"https://www.lupo.com.br/pijama-lupo-af-leve-meia-estacao-24646-001/p","200","Pijama Lupo AF Leve Meia Estacao - Lupo"
"https://www.lupo.com.br/meninas/calcinhas","200","Calcinha Infantil,  veja os diversos Modelos em até 3x | Lupo"
"https://www.lupo.com.br/pijama-lupo-km-curto-milk-20687-001/p","200","Pijama Lupo KM Curto Milk - Lupo"
"https://www.lupo.com.br/meninas/meias","200","Meia Infantil, Meia Soquete, Estampada e Meia Sapatilha | Lupo"
"https://www.lupo.com.br/pijama-lupo-af-shdoll-24243-003/p","200","Pijama Lupo AF Sh.Doll - Lupo"
"https://www.lupo.com.br/pijama-lupo-am-longo-familia-cinema-28686-001/p","200","Pijama Lupo AM Longo Familia Cinema - Lupo"
"https://www.lupo.com.br/pijama-lupo-af-longo-canelado-24607-001/p","200","Pijama Lupo AF Longo Canelado - Lupo"
"https://www.lupo.com.br/cueca-lupo-km-boxer-kit2-00141-088/p","200","Cueca Boxer Lupo Kit com 2 Conforto em Microfibra - Lupo"
"https://www.lupo.com.br/meia-lupo-km-sport-kit2-02727-088/p","200","Meia Lupo KM Sport Kit2 - Lupo"
"https://www.lupo.com.br/meninos/meias","200","Meia Soquete, Meia Antiderrapante e Meia Sapatilha | Lupo"
"https://www.lupo.com.br/cueca-lupo-km-boxer-microf-00132-002/p","200","Cueca Boxer Infantil Microfibra Cós Faixas | Lupo - Lupo"
"https://www.lupo.com.br/beachwear","200","Beachwear | Lupo"
"https://www.lupo.com.br/boxer-lupo-kids-algodo-c-elastano-00151-011/p","200","Boxer Lupo Kids Algodão c/ Elastano - Lupo"
"https://www.lupo.com.br/meia-lupo-km-sport-kit3-02725-089/p","200","Kit 3 Pares De Meia Infantil Cano Curto Algodão | Lupo - Lupo"
"https://www.lupo.com.br/cueca-lupo-km-boxer-microf-00136-001/p","200","Cueca Infantil Boxer Microfibra com Cós Chanfrado | Lupo - Lupo"
"https://www.lupo.com.br/meninos/pijama","200","Comprar Pijama Infantil - Camisetas, Shorts e Calça | Lupo"
"https://www.lupo.com.br/cueca-lupo-km-boxer-00137-010/p","200","Cueca Boxer Infantil de Microfibra com Cós de Lista Lupo - Lupo"
"https://www.lupo.com.br/meia-lupo-af-kit3-04536-089/p","200","Meia Lupo Kit3 - Kit com 3 Pares - Lupo"
"https://www.lupo.com.br/calcinha-lobinha-kf-basica-kit3-18101-089/p","200","Kit com 3 Calcinhas Infantis Sortidas Lobinha - Lupo"
"https://www.lupo.com.br/meninos/cuecas","200","Comprar Cueca Infantil, Cueca Boxer em até 3x | Lupo"
"https://www.lupo.com.br/meia-lupo-au-sport-kit3-03270-089/p","200","Kit com 3 Pares Meia Soquete Adulto Sortidas Lupo Sport - Lupo"
"https://www.lupo.com.br/meia-lupo-am-sport-kit3-03292-089/p","200","Meia Algodão Cano Médio Kit com 3 Pares Conforto Básico - Lupo"
"https://www.lupo.com.br/cueca-lupo-am-boxer-kit2-00784-088/p","200","Cueca Boxer Kit com 2 unidades de Algodão e Elastano - Lupo"
"https://www.lupo.com.br/meia-lupo-au-walk-kit3-03225-089/p","200","Kit 3 Pares Meia Cano Curto Lupo Walk Algodão - Lupo"
"https://www.lupo.com.br/cueca-lupo-am-slip-kit3-00515-089/p","200","Kit com 3 Cuecas Adulto Slip Algodão Mini Logo Lupo - Lupo"
"https://www.lupo.com.br/meia-lupo-ku-kit2-02835-088/p","200","Meia Lupo KU Kit2 - Lupo"
"https://www.lupo.com.br/kits?map=productclusternames","200","Economize com KITS de meias, cuecas, calcinhas e camisetas"
"https://www.lupo.com.br/meia-disney-ku-mickey-02300-292/p","200","Meia Disney KU MICKEY - Lupo"
"https://www.lupo.com.br/geral?map=productclusternames","200","Geral - Lupo"
"https://www.lupo.com.br/robe-modal-exclusivo-feminino-lupo/p","200","Lupo"
"https://www.lupo.com.br/meia-lupo-ku-felpa-cano-mdio-03701-002/p","200","Meia Lupo KU Felpa Cano Médio - Lupo"
"https://www.lupo.com.br/meia-lupo-km-02728-002/p","200","Meia Lupo KM - Lupo"
"https://www.lupo.com.br/meia-disney-au-toy-story-16990-039/p","200","Meia Disney AU Toy Story - Lupo"
"https://www.lupo.com.br/pijama-modal-exclusivo-masculino-lupo/p","200","Lupo"
"https://www.lupo.com.br/calcinha-loba-basica-sem-costura/p","200","Calcinha Básica Loba Microfibra Clássica Lupo - Lupo"
"https://www.lupo.com.br/pijama-lupo-af-shdoll-modal-floral-24595-900/p","200","Pijama Lupo AF Sh.Doll Modal Floral - Lupo"
"https://www.lupo.com.br/feminino/lupo-sport","301",""
"https://www.lupo.com.br/meia-disney-km-cars-02230-130/p","200","Meia Disney KM CARS - Lupo"
"https://www.lupo.com.br/calcinha-curve-sem-costura-40378-001/p","200","Calcinha Sem Costura Curve Ajuste Perfeito no Corpo - Lupo"
"https://www.lupo.com.br/blusa-loba-af-basica-41600-001/p","200","Regata Feminina Básica Microfibra Sem Costura | Lupo - Lupo"
"https://www.lupo.com.br/calcinha-loba-af-biquini-basico-40400-001/p","200","Calcinha Biquini Microfibra Loba Básica - Lupo"
"https://www.lupo.com.br/feminino/pijamas","200","Pijamas Femininos, Camisola, Baby Doll, Pijama Infantil | Lupo"
"https://www.lupo.com.br/produtos/roupas-femininas","200","Blusas e Body Femininos em até 6x sem juros! | Lupo - Lupo"
"https://www.lupo.com.br/blusa-loba-af-warm-g-a-45264-001/p","200","Blusa Feminina Adulto Manga Longa Canelada Warm Loba - Lupo"
"https://www.lupo.com.br/suti-curve-sem-costura-41378-001/p","200","Sutiã Curve Sem Costura - Lupo"
"https://www.lupo.com.br/produtos","200","Produtos - Lupo"
"https://www.lupo.com.br/feminino/modeladores","200","Cintas, Body e Bermudas Modeladoras | Lupo"
"https://www.lupo.com.br/feminino/meias","200","Meias Femininas: Soquete, Sapatilha, Antiderrapante e Outras | Lupo"
"https://www.lupo.com.br/feminino/sutia","200","Sutiãs Femininos | Lupo"
"https://www.lupo.com.br/feminino/calcinhas","200","Calcinhas Femininas | Lupo"
"https://www.lupo.com.br/calcinha-loba-af-f-dental-bas-40600-001/p","200","Calcinha Fio Dental Microfibra Lisa Loba Elastano - Lupo"
"https://www.lupo.com.br/t-shirt-micromodal-unissex-sem-costura-75044-900/p","200","T-Shirt Micromodal Unissex Sem Costura - Lupo"
"https://www.lupo.com.br/masculino/cuecas/samba-cancao","200","Cuecas Samba Canção em Diversas Cores, Lisa ou Estampada | Lupo"
"https://www.lupo.com.br/boxer-algodo-com-elastano-00784-068/p","200","Boxer Algodão com elastano - Lupo"
"https://www.lupo.com.br/masculino/meias","200","Compre Meias Masculinas | Lupo"
"https://www.lupo.com.br/boxer-algodo-com-elastano-00784-069/p","200","Boxer Algodão com elastano - Lupo"
"https://www.lupo.com.br/masculino/pijamas","200","Pijamas Masculinos Curtos ou Longos: Conforto e Comodidade | Lupo"
"https://www.lupo.com.br/boxer-bambu-sem-costura-18471-002/p","200","Boxer Bambu Sem Costura - Lupo"
"https://www.lupo.com.br/masculino/cuecas","302",""
"https://www.lupo.com.br/cueca-lupo-am-boxer-microf-00671-002/p","200","Cueca Lupo Microfibra Boxer Cós Com Chanfro - Lupo"
"https://www.lupo.com.br/produtos/roupas","200","Roupas - Lupo"
"https://www.lupo.com.br/cueca-lupo-am-boxer-00784-016/p","200","Cueca Boxer Algodão Cós Double Colors  | Lupo - Lupo"
"https://www.lupo.com.br/cueca-lupo-boxer-microf-00436-002/p","200","Cueca Boxer Microfibra Cós Listras | Lupo - Lupo"
"https://www.lupo.com.br/pijama-lupo-am-curto-modal-28662-900-outlet/p","200","Pijama Adulto Lupo Curto Modal - Lupo"
"https://www.lupo.com.br/masculino/meias/urban","200","Urban - Lupo"
"https://www.lupo.com.br/blusa-decote-quadrado-sem-costura-45297-001-outlet/p","200","Blusa Decote Quadrado Sem Costura - Lupo"
"https://www.lupo.com.br/blusa-regata-ribana-feminina-lupo-45296-001-outlet/p","200","Blusa Regata Ribana Feminina Lupo - Lupo"
"https://www.lupo.com.br/meia-calca-disney-bf-lobinha-02527-009-outlet-outlet/p","200","Meia-Calca Disney BF Lobinha - Lupo"
"https://www.lupo.com.br/meia-disney-bu-star-wars-02083-001-outlet-outlet/p","200","Meia Disney BU Star Wars - Lupo"
"https://www.lupo.com.br/meia-lupo-kf-02680-302-outlet/p","200","Meia Lupo KF - Lupo"
"https://www.lupo.com.br/suti-rib-sem-costura-41380-001-outlet/p","200","Sutiã Rib Sem Costura - Lupo"
"https://www.lupo.com.br/meia-marvel-km-vingadores-02451-012-outlet/p","200","Meia Marvel KM Vingadores - Lupo"
"https://www.lupo.com.br/boxer-micromodal-com-elastano-18474-001/p","200","Boxer Micromodal com elastano - Lupo"
"https://www.lupo.com.br/boxer-lupo-kids-sem-costura-00137-030/p","200","Boxer Lupo Kids Sem Costura - Lupo"
"https://www.lupo.com.br/sunga-lupo-kids-algodo-com-elastano-00380-001/p","200","Sunga Lupo Kids Algodão com Elastano - Lupo"
"https://www.lupo.com.br/meninos/cuecas/slip","200","Cueca Slip Infantil Masculina Várias Cores"
"https://www.lupo.com.br/cueca-lupo-km-boxer-00141-003/p","200","Cueca Infantil Boxer Algodão Com Elastano Cós Mini Lupo - Lupo"
"https://www.lupo.com.br/cueca-disney-slip-kit-com-3-unidades-00111-089/p","200","Kit com 3 Cuecas Infantis Slip Mickey Disney Lupo - Lupo"
"https://www.lupo.com.br/produtos/Adulto/Feminino?PS=12&map=c,specificationFilter_27,specificationFilter_30","200","Feminino - Adulto - Produtos - Lupo"
"https://www.lupo.com.br/meninos/cuecas/boxer","200","Cueca Box Infantil Masculina - Cueca Boxer | Lupo"
"https://www.lupo.com.br/slip-lupo-kids-algodo-00361-002/p","200","Slip Lupo Kids Algodão - Lupo"
"https://www.lupo.com.br/pijama-lupo-km-curto-robots-20620-001/p","200","Pijama Curto Masculino Infantil Robots com Toque Macio - Lupo"
"https://www.lupo.com.br/pijama-lupo-km-manga-longa-20632-001/p","200","Pijama Lupo KM Manga Longa - Lupo"
"https://www.lupo.com.br/produtos/meias/soquetes","200","Soquetes - Lupo"
"https://www.lupo.com.br/pijama-curto-km-dino-20614-001-outlet/p","200","Pijama Infantil Curto Dino Wild para Meninos - Lupo"
"https://www.lupo.com.br/pijama-curto-km-lupo-natal-cats-20673-900/p","200","Pijama Curto Infantil Masculino Natal coleção Cats - Lupo"
"https://www.lupo.com.br/pijama-lupo-km-longo-dinos-20646-001/p","200","Pijama Lupo KM Longo Dinos - Lupo"
"https://www.lupo.com.br/feminino/calcinhas/tanga","200","Calcinha Tanga: Modelo Que se Adapta ao Corpo | Lupo"
"https://www.lupo.com.br/pijama-lupo-km-curto-20631-001/p","200","Pijama Lupo KM Curto - Lupo"
"https://www.lupo.com.br/produtos/pijamas/kids/curtos/masculino?initialMap=c,c,specificationFilter_30,specificationFilter_27&initialQuery=/produtos/pijamas/Masculino/Adulto&map=category-1,category-2,faixa-etaria,modelo,genero","200","Pijamas - Lupo"
"https://www.lupo.com.br/pijama-curto-km-recortes-20608-001/p","200","Pijama Curto Masculino Infantil com Detalhes de Recortes - Lupo"
"https://www.lupo.com.br/produtos/pijamas/kids/longos/masculino?initialMap=c,c,specificationFilter_30,specificationFilter_27&initialQuery=/produtos/pijamas/Masculino/Adulto&map=category-1,category-2,faixa-etaria,modelo,genero","200","Pijamas - Lupo"
"https://www.lupo.com.br/pijama-lupo-km-longo-moletinho-20647-001/p","200","Pijama Lupo KM Longo Moletinho - Lupo"
"https://www.lupo.com.br/sunga-lupo-km-recorte-28964-002/p","200","Sunga Lupo Recorte Com Costura Infantil - Lupo"
"https://www.lupo.com.br/sunga-lupo-estampada-28965-007/p","200","Sunga Lupo Estampada - Com Costura - Infantil - Lupo"
"https://www.lupo.com.br/sunga-lupo-boxer-recorte-28981-002/p","200","Sunga Lupo Boxer Recorte Infantil - Lupo"
"https://www.lupo.com.br/meninos/beachwear/shorts","200","Shorts - Lupo"
"https://www.lupo.com.br/meninos/beachwear/bermudas","404",""
"https://www.lupo.com.br/meninos/beachwear/sungas","404",""
"https://www.lupo.com.br/sunga-lupo-boxer-estampada-28968-007/p","200","Sunga Lupo Boxer Estampa - Com Costura - Infantil - Lupo"
"https://www.lupo.com.br/short-magic-print-beachwear-lupo-kids-29008-001/p","200","Short Magic Print Beachwear Lupo Kids - Lupo"
"https://www.lupo.com.br/sunga-lupo-boxer-lisa-28966-001/p","200","Sunga Boxer Lisa Infantil para Piscina e Lazer - Lupo"
"https://www.lupo.com.br/meninos/beachwear/t-shirt","404",""
"https://www.lupo.com.br/sunga-lupo-lisa-28963-001/p","200","Sunga Infantil Lisa Lupo - Lupo"
"https://www.lupo.com.br/meninos/meias/uau","404",""
"https://www.lupo.com.br/produtos/beachwear","200","Lupo Beachwear: Muito mais do que moda praia - Lupo"
"https://www.lupo.com.br/meia-lupo-km-basica-kit2-02830-088/p","200","Meia Lupo KM Basica Kit2 - Lupo"
"https://www.lupo.com.br/meninos/meias/urban","200","Meias URBAN KIDS Estampas divertidas para Meninos"
"https://www.lupo.com.br/meninos/meias/soquete","200","Meias Soquete Infantil para Meninos: Conforto no Dia a Dia"
"https://www.lupo.com.br/meninos/meias/esportivas","200","Meias Esportivas Infantis Confortáveis para Meninos"
"https://www.lupo.com.br/produtos/cuecas","200","Cuecas Masculinas Lupo: Boxer, Slip, Sunga, Samba Canção - Lupo"
"https://www.lupo.com.br/meia-lupo-km-sport-02725-005/p","200","Meia Esportiva Algodão com Elastano Cano Baixo - Lupo"
"https://www.lupo.com.br/produtos/cuecas/boxer","200","Boxer - Lupo"
"https://www.lupo.com.br/meia-disney-kf-filme-moana-2-02256-001/p","200","Meia Disney Kids Feminina Filme Moana 2 - Lupo"
"https://www.lupo.com.br/produtos/pijamas/curtos","200","Curtos - Lupo"
"https://www.lupo.com.br/meninas/meias/cano-invisivel","200","Meia Infantil Feminina Cano Invisível| Lupo"
"https://www.lupo.com.br/meia-smurfs-kf-14050-002/p","200","Meia Smurfs KF - Lupo"
"https://www.lupo.com.br/meninas/meias/urban","200","Meias URBAN KIDS Estampas Divertidas para Meninas"
"https://www.lupo.com.br/meia-lupo-ku-02835-005/p","200","Meia Lupo KU - Lupo"
"https://www.lupo.com.br/meninas/meias/com-solado","200","Meias com Solado para Meninas: Segurança e Estilo"
"https://www.lupo.com.br/meninas/meias/soquete","200","Meia Soquete Feminina Infantil Confortável"
"https://www.lupo.com.br/meninas/meias/cano-medio","200","Meia Infantil Feminina Cano Médio | Lupo"
"https://www.lupo.com.br/meia-lupo-kf-aplicativo-02685-012/p","200","Meia Lupo KF Aplicativo - Lupo"
"https://www.lupo.com.br/meninas/meias/sapatilha","200","Meia Infantil Feminina Sapatilha | Lupo"
"https://www.lupo.com.br/meninas/meia-calca","200","Moda Infantil - Meia-calça  em até 3x | Lupo"
"https://www.lupo.com.br/meninas/meias/cano-curto","200","Meia Infantil Feminina Cano Curto | Lupo"
"https://www.lupo.com.br/meia-lupo-ku-home-socks-02940-015/p","200","Meia Lupo KU Home Socks - Lupo"
"https://www.lupo.com.br/busca/?fq=H:146&fq=C:900016&fq=specificationFilter_27:Adulto","0",""
"https://www.lupo.com.br/produtos/lingerie/kit-com-2","301",""
"https://www.lupo.com.br/meninas/meias/cano-longo","200","Meia Infantil Feminina Cano Longo | Lupo"
"https://www.lupo.com.br/calcinha-disney-kf-frozen-kit3-18202-089/p","200","Kit com 3 Calcinhas Infantis Frozen Disney Lupo - Lupo"
"https://www.lupo.com.br/produtos/lingerie/kit-com-3","200","Kit com 3 Calcinhas Infantis | Lupo - Lupo"
"https://www.lupo.com.br/top-lobinha-kf-sc-18700-001/p","200","Top Infantil Sem Bojo Microfibra Uni Faixa Leve e Prático - Lupo"
"https://www.lupo.com.br/calcinha-disney-kf-princesas-k3-18201-089/p","200","Kit com 3 Calcinhas Infantis Princesas Disney Lupo - Lupo"
"https://www.lupo.com.br/calcinha-lobinha-kf-estampada-k3-18110-089/p","200","Calcinha Lobinha KF Estampada K3 - Lupo"
"https://www.lupo.com.br/calcinha-lobinha-kf-basica-kit3-18102-089/p","200","Kit 3 Calcinhas Infantis Básicas Lobinha - Lupo"
"https://www.lupo.com.br/produtos/lingerie","200","Lingerie - Lupo"
"https://www.lupo.com.br/feminino/sutia/top","200","Sutiã Top: Peças Básicas Com Bojo Removível e Mais! | Lupo"
"https://www.lupo.com.br/produtos/pijamas/kids/longos/feminino?initialMap=c,c,specificationFilter_30,specificationFilter_27&initialQuery=/produtos/pijamas/Masculino/Adulto&map=category-1,category-2,faixa-etaria,modelo,genero","200","Pijamas - Lupo"
"https://www.lupo.com.br/produtos/pijamas/longos","200","Longos - Lupo"
"https://www.lupo.com.br/pijama-lupo-kf-moletom-22622-001/p","200","Pijama Lupo KF Moletom - Lupo"
"https://www.lupo.com.br/produtos/pijamas/kids/curtos/feminino?initialMap=c,c,specificationFilter_30,specificationFilter_27&initialQuery=/produtos/pijamas/Masculino/Adulto&map=category-1,category-2,faixa-etaria,modelo,genero","200","Pijamas - Lupo"
"https://www.lupo.com.br/pijama-lupo-kf-shdoll-cachorrinho-22621-001/p","200","Pijama Lupo KF Sh.Doll Cachorrinho - Lupo"
"https://www.lupo.com.br/pijama-lupo-kf-florido-22611-001/p","200","Pijama Infantil Feminino Curto com Estampa Florida - Lupo"
"https://www.lupo.com.br/pijama-curto-kf-lupo-dolce-vita-22674-900/p","200","Pijama Curto Infantil Feminino La Dolce Vita - Lupo"
"https://www.lupo.com.br/pijama-curto-kf-lupo-natal-cats-22673-900/p","200","Pijama Infantil para Meninas Natal Coleção Cats - Lupo"
"https://www.lupo.com.br/produtos/meias/uau","200","Meias UAU Lupo: Mais cores, mais estampas, mais vida - Lupo"
"https://www.lupo.com.br/produtos/meias/classicas","200","Clássicas - Lupo"
"https://www.lupo.com.br/produtos/meias","200","Meia Soquete e Esportiva - Diversas opções em até 3x s/ juros | Lupo - Lupo"
"https://www.lupo.com.br/produtos/meias/esportivas","200","Meia Soquete e Esportiva - Diversas opções em até 3x s/ juros | Lupo - Lupo"
"https://www.lupo.com.br/produtos/d","200","Produtos - Lupo"
"https://www.lupo.com.br/produtos/pijamas/pijamas","200","Pijamas - Lupo"
"https://www.lupo.com.br/produtos/pijamas","200","Pijamas - Lupo"
