"Address","PSI Request Status","Mobile Alternate Link"
"https://www.lupo.com.br/","",""
"https://www.lupo.com.br/kits","",""
"https://www.lupo.com.br/novidades","",""
"https://www.lupo.com.br/feminino","",""
"https://www.lupo.com.br/masculino","",""
"https://www.lupo.com.br/outlet","",""
"https://www.lupo.com.br/meninos","",""
"https://www.lupo.com.br/pijamas","",""
"https://www.lupo.com.br/account","",""
"https://www.lupo.com.br/pijama-lupo-af-americano-longo-24602-001/p","",""
"https://www.lupo.com.br/meninas","",""
"https://www.lupo.com.br/pijamas?map=productclusternames","",""
"https://www.lupo.com.br/pijama-lupo-kf-shdoll-raglan-22683-001/p","",""
"https://www.lupo.com.br/pijama-lupo-af-curto-coffee-24687-001/p","",""
"https://www.lupo.com.br/meia-lupo-ku-sap-invisivel-k2-02170-088/p","",""
"https://www.lupo.com.br/meninas/","",""
"https://www.lupo.com.br/pijama-lupo-kf-abotoado-22623-001/p","",""
"https://www.lupo.com.br/pijama-lupo-kf-longo-jogger-22620-001/p","",""
"https://www.lupo.com.br/meia-lupo-ku-sap-anti-02286-002/p","",""
"https://www.lupo.com.br/meia-disney-kids-unissex-divertida-mente--02403-001/p","",""
"https://www.lupo.com.br/meninas/pijamas","",""
"https://www.lupo.com.br/pijama-lupo-af-leve-meia-estacao-24646-001/p","",""
"https://www.lupo.com.br/meninas/calcinhas","",""
"https://www.lupo.com.br/pijama-lupo-km-curto-milk-20687-001/p","",""
"https://www.lupo.com.br/meninas/meias","",""
"https://www.lupo.com.br/pijama-lupo-af-shdoll-24243-003/p","",""
"https://www.lupo.com.br/pijama-lupo-am-longo-familia-cinema-28686-001/p","",""
"https://www.lupo.com.br/pijama-lupo-af-longo-canelado-24607-001/p","",""
"https://www.lupo.com.br/cueca-lupo-km-boxer-kit2-00141-088/p","",""
"https://www.lupo.com.br/meia-lupo-km-sport-kit2-02727-088/p","",""
"https://www.lupo.com.br/meninos/meias","",""
"https://www.lupo.com.br/cueca-lupo-km-boxer-microf-00132-002/p","",""
"https://www.lupo.com.br/beachwear","",""
"https://www.lupo.com.br/boxer-lupo-kids-algodo-c-elastano-00151-011/p","",""
"https://www.lupo.com.br/meia-lupo-km-sport-kit3-02725-089/p","",""
"https://www.lupo.com.br/cueca-lupo-km-boxer-microf-00136-001/p","",""
"https://www.lupo.com.br/meninos/pijama","",""
"https://www.lupo.com.br/cueca-lupo-km-boxer-00137-010/p","",""
"https://www.lupo.com.br/meia-lupo-af-kit3-04536-089/p","",""
"https://www.lupo.com.br/calcinha-lobinha-kf-basica-kit3-18101-089/p","",""
"https://www.lupo.com.br/meninos/cuecas","",""
"https://www.lupo.com.br/meia-lupo-au-sport-kit3-03270-089/p","",""
"https://www.lupo.com.br/meia-lupo-am-sport-kit3-03292-089/p","",""
"https://www.lupo.com.br/cueca-lupo-am-boxer-kit2-00784-088/p","",""
"https://www.lupo.com.br/meia-lupo-au-walk-kit3-03225-089/p","",""
"https://www.lupo.com.br/cueca-lupo-am-slip-kit3-00515-089/p","",""
"https://www.lupo.com.br/meia-lupo-ku-kit2-02835-088/p","",""
"https://www.lupo.com.br/kits?map=productclusternames","",""
"https://www.lupo.com.br/meia-disney-ku-mickey-02300-292/p","",""
"https://www.lupo.com.br/geral?map=productclusternames","",""
"https://www.lupo.com.br/robe-modal-exclusivo-feminino-lupo/p","",""
"https://www.lupo.com.br/meia-lupo-ku-felpa-cano-mdio-03701-002/p","",""
"https://www.lupo.com.br/meia-lupo-km-02728-002/p","",""
"https://www.lupo.com.br/meia-disney-au-toy-story-16990-039/p","",""
"https://www.lupo.com.br/pijama-modal-exclusivo-masculino-lupo/p","",""
"https://www.lupo.com.br/calcinha-loba-basica-sem-costura/p","",""
"https://www.lupo.com.br/pijama-lupo-af-shdoll-modal-floral-24595-900/p","",""
"https://www.lupo.com.br/meia-disney-km-cars-02230-130/p","",""
"https://www.lupo.com.br/calcinha-curve-sem-costura-40378-001/p","",""
"https://www.lupo.com.br/blusa-loba-af-basica-41600-001/p","",""
"https://www.lupo.com.br/calcinha-loba-af-biquini-basico-40400-001/p","",""
"https://www.lupo.com.br/feminino/pijamas","",""
"https://www.lupo.com.br/produtos/roupas-femininas","",""
"https://www.lupo.com.br/blusa-loba-af-warm-g-a-45264-001/p","",""
"https://www.lupo.com.br/suti-curve-sem-costura-41378-001/p","",""
"https://www.lupo.com.br/produtos","",""
"https://www.lupo.com.br/feminino/modeladores","",""
"https://www.lupo.com.br/feminino/meias","",""
"https://www.lupo.com.br/feminino/sutia","",""
"https://www.lupo.com.br/feminino/calcinhas","",""
"https://www.lupo.com.br/calcinha-loba-af-f-dental-bas-40600-001/p","",""
"https://www.lupo.com.br/t-shirt-micromodal-unissex-sem-costura-75044-900/p","",""
"https://www.lupo.com.br/masculino/cuecas/samba-cancao","",""
"https://www.lupo.com.br/boxer-algodo-com-elastano-00784-068/p","",""
"https://www.lupo.com.br/masculino/meias","",""
"https://www.lupo.com.br/boxer-algodo-com-elastano-00784-069/p","",""
"https://www.lupo.com.br/masculino/pijamas","",""
"https://www.lupo.com.br/boxer-bambu-sem-costura-18471-002/p","",""
"https://www.lupo.com.br/cueca-lupo-am-boxer-microf-00671-002/p","",""
"https://www.lupo.com.br/produtos/roupas","",""
"https://www.lupo.com.br/cueca-lupo-am-boxer-00784-016/p","",""
"https://www.lupo.com.br/cueca-lupo-boxer-microf-00436-002/p","",""
"https://www.lupo.com.br/pijama-lupo-am-curto-modal-28662-900-outlet/p","",""
"https://www.lupo.com.br/masculino/meias/urban","",""
"https://www.lupo.com.br/blusa-decote-quadrado-sem-costura-45297-001-outlet/p","",""
"https://www.lupo.com.br/blusa-regata-ribana-feminina-lupo-45296-001-outlet/p","",""
"https://www.lupo.com.br/meia-calca-disney-bf-lobinha-02527-009-outlet-outlet/p","",""
"https://www.lupo.com.br/meia-disney-bu-star-wars-02083-001-outlet-outlet/p","",""
"https://www.lupo.com.br/meia-lupo-kf-02680-302-outlet/p","",""
"https://www.lupo.com.br/suti-rib-sem-costura-41380-001-outlet/p","",""
"https://www.lupo.com.br/meia-marvel-km-vingadores-02451-012-outlet/p","",""
"https://www.lupo.com.br/boxer-micromodal-com-elastano-18474-001/p","",""
"https://www.lupo.com.br/boxer-lupo-kids-sem-costura-00137-030/p","",""
"https://www.lupo.com.br/sunga-lupo-kids-algodo-com-elastano-00380-001/p","",""
"https://www.lupo.com.br/meninos/cuecas/slip","",""
"https://www.lupo.com.br/cueca-lupo-km-boxer-00141-003/p","",""
"https://www.lupo.com.br/cueca-disney-slip-kit-com-3-unidades-00111-089/p","",""
"https://www.lupo.com.br/produtos/Adulto/Feminino?PS=12&map=c,specificationFilter_27,specificationFilter_30","",""
"https://www.lupo.com.br/meninos/cuecas/boxer","",""
"https://www.lupo.com.br/slip-lupo-kids-algodo-00361-002/p","",""
"https://www.lupo.com.br/pijama-lupo-km-curto-robots-20620-001/p","",""
"https://www.lupo.com.br/pijama-lupo-km-manga-longa-20632-001/p","",""
"https://www.lupo.com.br/produtos/meias/soquetes","",""
"https://www.lupo.com.br/pijama-curto-km-dino-20614-001-outlet/p","",""
"https://www.lupo.com.br/pijama-curto-km-lupo-natal-cats-20673-900/p","",""
"https://www.lupo.com.br/pijama-lupo-km-longo-dinos-20646-001/p","",""
"https://www.lupo.com.br/feminino/calcinhas/tanga","",""
"https://www.lupo.com.br/pijama-lupo-km-curto-20631-001/p","",""
"https://www.lupo.com.br/produtos/pijamas/kids/curtos/masculino?initialMap=c,c,specificationFilter_30,specificationFilter_27&initialQuery=/produtos/pijamas/Masculino/Adulto&map=category-1,category-2,faixa-etaria,modelo,genero","",""
"https://www.lupo.com.br/pijama-curto-km-recortes-20608-001/p","",""
"https://www.lupo.com.br/produtos/pijamas/kids/longos/masculino?initialMap=c,c,specificationFilter_30,specificationFilter_27&initialQuery=/produtos/pijamas/Masculino/Adulto&map=category-1,category-2,faixa-etaria,modelo,genero","",""
"https://www.lupo.com.br/pijama-lupo-km-longo-moletinho-20647-001/p","",""
"https://www.lupo.com.br/sunga-lupo-km-recorte-28964-002/p","",""
"https://www.lupo.com.br/sunga-lupo-estampada-28965-007/p","",""
"https://www.lupo.com.br/sunga-lupo-boxer-recorte-28981-002/p","",""
"https://www.lupo.com.br/meninos/beachwear/shorts","",""
"https://www.lupo.com.br/sunga-lupo-boxer-estampada-28968-007/p","",""
"https://www.lupo.com.br/short-magic-print-beachwear-lupo-kids-29008-001/p","",""
"https://www.lupo.com.br/sunga-lupo-boxer-lisa-28966-001/p","",""
"https://www.lupo.com.br/sunga-lupo-lisa-28963-001/p","",""
"https://www.lupo.com.br/produtos/beachwear","",""
"https://www.lupo.com.br/meia-lupo-km-basica-kit2-02830-088/p","",""
"https://www.lupo.com.br/meninos/meias/urban","",""
"https://www.lupo.com.br/meninos/meias/soquete","",""
"https://www.lupo.com.br/meninos/meias/esportivas","",""
"https://www.lupo.com.br/produtos/cuecas","",""
"https://www.lupo.com.br/meia-lupo-km-sport-02725-005/p","",""
"https://www.lupo.com.br/produtos/cuecas/boxer","",""
"https://www.lupo.com.br/meia-disney-kf-filme-moana-2-02256-001/p","",""
"https://www.lupo.com.br/produtos/pijamas/curtos","",""
"https://www.lupo.com.br/meninas/meias/cano-invisivel","",""
"https://www.lupo.com.br/meia-smurfs-kf-14050-002/p","",""
"https://www.lupo.com.br/meninas/meias/urban","",""
"https://www.lupo.com.br/meia-lupo-ku-02835-005/p","",""
"https://www.lupo.com.br/meninas/meias/com-solado","",""
"https://www.lupo.com.br/meninas/meias/soquete","",""
"https://www.lupo.com.br/meninas/meias/cano-medio","",""
"https://www.lupo.com.br/meia-lupo-kf-aplicativo-02685-012/p","",""
"https://www.lupo.com.br/meninas/meias/sapatilha","",""
"https://www.lupo.com.br/meninas/meia-calca","",""
"https://www.lupo.com.br/meninas/meias/cano-curto","",""
"https://www.lupo.com.br/meia-lupo-ku-home-socks-02940-015/p","",""
"https://www.lupo.com.br/meninas/meias/cano-longo","",""
"https://www.lupo.com.br/calcinha-disney-kf-frozen-kit3-18202-089/p","",""
"https://www.lupo.com.br/produtos/lingerie/kit-com-3","",""
"https://www.lupo.com.br/top-lobinha-kf-sc-18700-001/p","",""
"https://www.lupo.com.br/calcinha-disney-kf-princesas-k3-18201-089/p","",""
"https://www.lupo.com.br/calcinha-lobinha-kf-estampada-k3-18110-089/p","",""
"https://www.lupo.com.br/calcinha-lobinha-kf-basica-kit3-18102-089/p","",""
"https://www.lupo.com.br/produtos/lingerie","",""
"https://www.lupo.com.br/feminino/sutia/top","",""
"https://www.lupo.com.br/produtos/pijamas/kids/longos/feminino?initialMap=c,c,specificationFilter_30,specificationFilter_27&initialQuery=/produtos/pijamas/Masculino/Adulto&map=category-1,category-2,faixa-etaria,modelo,genero","",""
"https://www.lupo.com.br/produtos/pijamas/longos","",""
"https://www.lupo.com.br/pijama-lupo-kf-moletom-22622-001/p","",""
"https://www.lupo.com.br/produtos/pijamas/kids/curtos/feminino?initialMap=c,c,specificationFilter_30,specificationFilter_27&initialQuery=/produtos/pijamas/Masculino/Adulto&map=category-1,category-2,faixa-etaria,modelo,genero","",""
"https://www.lupo.com.br/pijama-lupo-kf-shdoll-cachorrinho-22621-001/p","",""
"https://www.lupo.com.br/pijama-lupo-kf-florido-22611-001/p","",""
"https://www.lupo.com.br/pijama-curto-kf-lupo-dolce-vita-22674-900/p","",""
"https://www.lupo.com.br/pijama-curto-kf-lupo-natal-cats-22673-900/p","",""
"https://www.lupo.com.br/produtos/meias/uau","",""
"https://www.lupo.com.br/produtos/meias/classicas","",""
"https://www.lupo.com.br/produtos/meias","",""
"https://www.lupo.com.br/produtos/meias/esportivas","",""
"https://www.lupo.com.br/produtos/d","",""
"https://www.lupo.com.br/produtos/pijamas/pijamas","",""
"https://www.lupo.com.br/produtos/pijamas","",""
