"Address","Occurrences","Title 1","Title 1 Length","Title 1 Pixel Width","Indexability","Indexability Status"
"https://www.lupo.com.br/","1","Lupo Oficial: Roupas Esportivas, Moda Íntima Feminina e Masculina","65","601","Indexable",""
"https://www.lupo.com.br/kits","1","Economize com KITS de meias, cuecas, calcinhas e camisetas","58","555","Indexable",""
"https://www.lupo.com.br/novidades","1","Novidades | Lupo","16","153","Indexable",""
"https://www.lupo.com.br/feminino","1","Moda Feminina | Lupo","20","197","Indexable",""
"https://www.lupo.com.br/masculino","1","Moda Masculina | Lupo","21","205","Indexable",""
"https://www.lupo.com.br/outlet","1","Lupo Outlet: Diversos produtos com 40% Off - Lupo","49","454","Indexable",""
"https://www.lupo.com.br/meninos","1","Moda Infantil Masculina: Roupas, Meias, Cuecas, Pijamas","55","509","Indexable",""
"https://www.lupo.com.br/pijamas","1","Pijamas | Lupo","14","132","Indexable",""
"https://www.lupo.com.br/account","1","Lupo Oficial: Roupas Esportivas, Moda Íntima Feminina e Masculina","65","601","Indexable",""
"https://www.lupo.com.br/pijama-lupo-af-americano-longo-24602-001/p","1","Pijama Lupo AF Americano Longo - Lupo","37","363","Indexable",""
"https://www.lupo.com.br/meninas","1","Moda Infantil Feminina: Meias, Calcinhas, Pijamas e Mais | Lupo","63","570","Indexable",""
"https://www.lupo.com.br/pijamas?map=productclusternames","1","Pijamas | Lupo","14","132","Non-Indexable","Canonicalised"
"https://www.lupo.com.br/pijama-lupo-kf-shdoll-raglan-22683-001/p","1","Pijama Lupo KF Sh.Doll Raglan - Lupo","36","334","Indexable",""
"https://www.lupo.com.br/pijama-lupo-af-curto-coffee-24687-001/p","1","Pijama Lupo AF Curto Coffee - Lupo","34","320","Indexable",""
"https://www.lupo.com.br/meia-lupo-ku-sap-invisivel-k2-02170-088/p","1","Meia Lupo KU Sap. Invisivel K2 - Lupo","37","334","Indexable",""
"https://www.lupo.com.br/meninas/","1","Moda Infantil Feminina: Meias, Calcinhas, Pijamas e Mais | Lupo","63","570","Non-Indexable","Canonicalised"
"https://www.lupo.com.br/pijama-lupo-kf-abotoado-22623-001/p","1","Pijama Lupo KF Abotoado - Lupo","30","292","Indexable",""
"https://www.lupo.com.br/pijama-lupo-kf-longo-jogger-22620-001/p","1","Pijama Lupo KF Longo Jogger - Lupo","34","328","Indexable",""
"https://www.lupo.com.br/meia-lupo-ku-sap-anti-02286-002/p","1","Meia Lupo Kids Sapatilha Antiderrapante - Lupo","46","425","Indexable",""
"https://www.lupo.com.br/meia-disney-kids-unissex-divertida-mente--02403-001/p","1","Meia Disney Kids Unissex Divertida Mente | Lupo - Lupo","54","493","Indexable",""
"https://www.lupo.com.br/meninas/pijamas","1","Pijamas infantis, Baby Doll e Camisolas em até 3x | Lupo","56","504","Indexable",""
"https://www.lupo.com.br/pijama-lupo-af-leve-meia-estacao-24646-001/p","1","Pijama Lupo AF Leve Meia Estacao - Lupo","39","374","Indexable",""
"https://www.lupo.com.br/meninas/calcinhas","1","Calcinha Infantil,  veja os diversos Modelos em até 3x | Lupo","61","530","Indexable",""
"https://www.lupo.com.br/pijama-lupo-km-curto-milk-20687-001/p","1","Pijama Lupo KM Curto Milk - Lupo","32","303","Indexable",""
"https://www.lupo.com.br/meninas/meias","1","Meia Infantil, Meia Soquete, Estampada e Meia Sapatilha | Lupo","62","566","Indexable",""
"https://www.lupo.com.br/pijama-lupo-af-shdoll-24243-003/p","1","Pijama Lupo AF Sh.Doll - Lupo","29","268","Indexable",""
"https://www.lupo.com.br/pijama-lupo-am-longo-familia-cinema-28686-001/p","1","Pijama Lupo AM Longo Familia Cinema - Lupo","42","412","Indexable",""
"https://www.lupo.com.br/pijama-lupo-af-longo-canelado-24607-001/p","1","Pijama Lupo AF Longo Canelado - Lupo","36","350","Indexable",""
"https://www.lupo.com.br/cueca-lupo-km-boxer-kit2-00141-088/p","1","Cueca Boxer Lupo Kit com 2 Conforto em Microfibra - Lupo","56","524","Indexable",""
"https://www.lupo.com.br/meia-lupo-km-sport-kit2-02727-088/p","1","Meia Lupo KM Sport Kit2 - Lupo","30","282","Indexable",""
"https://www.lupo.com.br/meninos/meias","1","Meia Soquete, Meia Antiderrapante e Meia Sapatilha | Lupo","57","528","Indexable",""
"https://www.lupo.com.br/cueca-lupo-km-boxer-microf-00132-002/p","1","Cueca Boxer Infantil Microfibra Cós Faixas | Lupo - Lupo","56","496","Indexable",""
"https://www.lupo.com.br/beachwear","1","Beachwear | Lupo","16","158","Indexable",""
"https://www.lupo.com.br/boxer-lupo-kids-algodo-c-elastano-00151-011/p","1","Boxer Lupo Kids Algodão c/ Elastano - Lupo","42","387","Indexable",""
"https://www.lupo.com.br/meia-lupo-km-sport-kit3-02725-089/p","1","Kit 3 Pares De Meia Infantil Cano Curto Algodão | Lupo - Lupo","61","545","Indexable",""
"https://www.lupo.com.br/cueca-lupo-km-boxer-microf-00136-001/p","1","Cueca Infantil Boxer Microfibra com Cós Chanfrado | Lupo - Lupo","63","575","Indexable",""
"https://www.lupo.com.br/meninos/pijama","1","Comprar Pijama Infantil - Camisetas, Shorts e Calça | Lupo","58","522","Indexable",""
"https://www.lupo.com.br/cueca-lupo-km-boxer-00137-010/p","1","Cueca Boxer Infantil de Microfibra com Cós de Lista Lupo - Lupo","63","570","Indexable",""
"https://www.lupo.com.br/meia-lupo-af-kit3-04536-089/p","1","Meia Lupo Kit3 - Kit com 3 Pares - Lupo","39","352","Indexable",""
"https://www.lupo.com.br/calcinha-lobinha-kf-basica-kit3-18101-089/p","1","Kit com 3 Calcinhas Infantis Sortidas Lobinha - Lupo","52","464","Indexable",""
"https://www.lupo.com.br/meninos/cuecas","1","Comprar Cueca Infantil, Cueca Boxer em até 3x | Lupo","52","480","Indexable",""
"https://www.lupo.com.br/meia-lupo-au-sport-kit3-03270-089/p","1","Kit com 3 Pares Meia Soquete Adulto Sortidas Lupo Sport - Lupo","62","574","Indexable",""
"https://www.lupo.com.br/meia-lupo-am-sport-kit3-03292-089/p","1","Meia Algodão Cano Médio Kit com 3 Pares Conforto Básico - Lupo","62","587","Indexable",""
"https://www.lupo.com.br/cueca-lupo-am-boxer-kit2-00784-088/p","1","Cueca Boxer Kit com 2 unidades de Algodão e Elastano - Lupo","59","551","Indexable",""
"https://www.lupo.com.br/meia-lupo-au-walk-kit3-03225-089/p","1","Kit 3 Pares Meia Cano Curto Lupo Walk Algodão - Lupo","52","488","Indexable",""
"https://www.lupo.com.br/cueca-lupo-am-slip-kit3-00515-089/p","1","Kit com 3 Cuecas Adulto Slip Algodão Mini Logo Lupo - Lupo","58","536","Indexable",""
"https://www.lupo.com.br/meia-lupo-ku-kit2-02835-088/p","1","Meia Lupo KU Kit2 - Lupo","24","225","Indexable",""
"https://www.lupo.com.br/kits?map=productclusternames","1","Economize com KITS de meias, cuecas, calcinhas e camisetas","58","555","Non-Indexable","Canonicalised"
"https://www.lupo.com.br/meia-disney-ku-mickey-02300-292/p","1","Meia Disney KU MICKEY - Lupo","28","275","Indexable",""
"https://www.lupo.com.br/geral?map=productclusternames","1","Geral - Lupo","12","108","Indexable",""
"https://www.lupo.com.br/robe-modal-exclusivo-feminino-lupo/p","1","Lupo","4","44","Indexable",""
"https://www.lupo.com.br/meia-lupo-ku-felpa-cano-mdio-03701-002/p","1","Meia Lupo KU Felpa Cano Médio - Lupo","36","349","Indexable",""
"https://www.lupo.com.br/meia-lupo-km-02728-002/p","1","Meia Lupo KM - Lupo","19","188","Indexable",""
"https://www.lupo.com.br/meia-disney-au-toy-story-16990-039/p","1","Meia Disney AU Toy Story - Lupo","31","287","Indexable",""
"https://www.lupo.com.br/pijama-modal-exclusivo-masculino-lupo/p","1","Lupo","4","44","Indexable",""
"https://www.lupo.com.br/calcinha-loba-basica-sem-costura/p","1","Calcinha Básica Loba Microfibra Clássica Lupo - Lupo","52","475","Indexable",""
"https://www.lupo.com.br/pijama-lupo-af-shdoll-modal-floral-24595-900/p","1","Pijama Lupo AF Sh.Doll Modal Floral - Lupo","42","383","Indexable",""
"https://www.lupo.com.br/meia-disney-km-cars-02230-130/p","1","Meia Disney KM CARS - Lupo","26","258","Indexable",""
"https://www.lupo.com.br/calcinha-curve-sem-costura-40378-001/p","1","Calcinha Sem Costura Curve Ajuste Perfeito no Corpo - Lupo","58","539","Indexable",""
"https://www.lupo.com.br/blusa-loba-af-basica-41600-001/p","1","Regata Feminina Básica Microfibra Sem Costura | Lupo - Lupo","59","551","Indexable",""
"https://www.lupo.com.br/calcinha-loba-af-biquini-basico-40400-001/p","1","Calcinha Biquini Microfibra Loba Básica - Lupo","46","411","Indexable",""
"https://www.lupo.com.br/feminino/pijamas","1","Pijamas Femininos, Camisola, Baby Doll, Pijama Infantil | Lupo","62","553","Indexable",""
"https://www.lupo.com.br/produtos/roupas-femininas","1","Blusas e Body Femininos em até 6x sem juros! | Lupo - Lupo","58","532","Indexable",""
"https://www.lupo.com.br/blusa-loba-af-warm-g-a-45264-001/p","1","Blusa Feminina Adulto Manga Longa Canelada Warm Loba - Lupo","59","583","Indexable",""
"https://www.lupo.com.br/suti-curve-sem-costura-41378-001/p","1","Sutiã Curve Sem Costura - Lupo","30","284","Indexable",""
"https://www.lupo.com.br/produtos","1","Produtos - Lupo","15","141","Indexable",""
"https://www.lupo.com.br/feminino/modeladores","1","Cintas, Body e Bermudas Modeladoras | Lupo","42","401","Indexable",""
"https://www.lupo.com.br/feminino/meias","1","Meias Femininas: Soquete, Sapatilha, Antiderrapante e Outras | Lupo","67","612","Indexable",""
"https://www.lupo.com.br/feminino/sutia","1","Sutiãs Femininos | Lupo","23","213","Indexable",""
"https://www.lupo.com.br/feminino/calcinhas","1","Calcinhas Femininas | Lupo","26","244","Indexable",""
"https://www.lupo.com.br/calcinha-loba-af-f-dental-bas-40600-001/p","1","Calcinha Fio Dental Microfibra Lisa Loba Elastano - Lupo","56","501","Indexable",""
"https://www.lupo.com.br/t-shirt-micromodal-unissex-sem-costura-75044-900/p","1","T-Shirt Micromodal Unissex Sem Costura - Lupo","45","427","Indexable",""
"https://www.lupo.com.br/masculino/cuecas/samba-cancao","1","Cuecas Samba Canção em Diversas Cores, Lisa ou Estampada | Lupo","63","617","Indexable",""
"https://www.lupo.com.br/boxer-algodo-com-elastano-00784-068/p","1","Boxer Algodão com elastano - Lupo","33","315","Indexable",""
"https://www.lupo.com.br/masculino/meias","1","Compre Meias Masculinas | Lupo","30","295","Indexable",""
"https://www.lupo.com.br/boxer-algodo-com-elastano-00784-069/p","1","Boxer Algodão com elastano - Lupo","33","315","Indexable",""
"https://www.lupo.com.br/masculino/pijamas","1","Pijamas Masculinos Curtos ou Longos: Conforto e Comodidade | Lupo","65","621","Indexable",""
"https://www.lupo.com.br/boxer-bambu-sem-costura-18471-002/p","1","Boxer Bambu Sem Costura - Lupo","30","300","Indexable",""
"https://www.lupo.com.br/cueca-lupo-am-boxer-microf-00671-002/p","1","Cueca Lupo Microfibra Boxer Cós Com Chanfro - Lupo","50","479","Indexable",""
"https://www.lupo.com.br/produtos/roupas","1","Roupas - Lupo","13","126","Indexable",""
"https://www.lupo.com.br/cueca-lupo-am-boxer-00784-016/p","1","Cueca Boxer Algodão Cós Double Colors  | Lupo - Lupo","52","477","Indexable",""
"https://www.lupo.com.br/cueca-lupo-boxer-microf-00436-002/p","1","Cueca Boxer Microfibra Cós Listras | Lupo - Lupo","48","432","Indexable",""
"https://www.lupo.com.br/pijama-lupo-am-curto-modal-28662-900-outlet/p","1","Pijama Adulto Lupo Curto Modal - Lupo","37","349","Indexable",""
"https://www.lupo.com.br/masculino/meias/urban","1","Urban - Lupo","12","113","Indexable",""
"https://www.lupo.com.br/blusa-decote-quadrado-sem-costura-45297-001-outlet/p","1","Blusa Decote Quadrado Sem Costura - Lupo","40","390","Indexable",""
"https://www.lupo.com.br/blusa-regata-ribana-feminina-lupo-45296-001-outlet/p","1","Blusa Regata Ribana Feminina Lupo - Lupo","40","380","Indexable",""
"https://www.lupo.com.br/meia-calca-disney-bf-lobinha-02527-009-outlet-outlet/p","1","Meia-Calca Disney BF Lobinha - Lupo","35","328","Indexable",""
"https://www.lupo.com.br/meia-disney-bu-star-wars-02083-001-outlet-outlet/p","1","Meia Disney BU Star Wars - Lupo","31","291","Indexable",""
"https://www.lupo.com.br/meia-lupo-kf-02680-302-outlet/p","1","Meia Lupo KF - Lupo","19","182","Indexable",""
"https://www.lupo.com.br/suti-rib-sem-costura-41380-001-outlet/p","1","Sutiã Rib Sem Costura - Lupo","28","260","Indexable",""
"https://www.lupo.com.br/meia-marvel-km-vingadores-02451-012-outlet/p","1","Meia Marvel KM Vingadores - Lupo","32","311","Indexable",""
"https://www.lupo.com.br/boxer-micromodal-com-elastano-18474-001/p","1","Boxer Micromodal com elastano - Lupo","36","348","Indexable",""
"https://www.lupo.com.br/boxer-lupo-kids-sem-costura-00137-030/p","1","Boxer Lupo Kids Sem Costura - Lupo","34","325","Indexable",""
"https://www.lupo.com.br/sunga-lupo-kids-algodo-com-elastano-00380-001/p","1","Sunga Lupo Kids Algodão com Elastano - Lupo","43","413","Indexable",""
"https://www.lupo.com.br/meninos/cuecas/slip","1","Cueca Slip Infantil Masculina Várias Cores","42","376","Indexable",""
"https://www.lupo.com.br/cueca-lupo-km-boxer-00141-003/p","1","Cueca Infantil Boxer Algodão Com Elastano Cós Mini Lupo - Lupo","62","577","Indexable",""
"https://www.lupo.com.br/cueca-disney-slip-kit-com-3-unidades-00111-089/p","1","Kit com 3 Cuecas Infantis Slip Mickey Disney Lupo - Lupo","56","506","Indexable",""
"https://www.lupo.com.br/produtos/Adulto/Feminino?PS=12&map=c,specificationFilter_27,specificationFilter_30","1","Feminino - Adulto - Produtos - Lupo","35","314","Non-Indexable","Canonicalised"
"https://www.lupo.com.br/meninos/cuecas/boxer","1","Cueca Box Infantil Masculina - Cueca Boxer | Lupo","49","444","Indexable",""
"https://www.lupo.com.br/slip-lupo-kids-algodo-00361-002/p","1","Slip Lupo Kids Algodão - Lupo","29","264","Indexable",""
"https://www.lupo.com.br/pijama-lupo-km-curto-robots-20620-001/p","1","Pijama Curto Masculino Infantil Robots com Toque Macio - Lupo","61","571","Indexable",""
"https://www.lupo.com.br/pijama-lupo-km-manga-longa-20632-001/p","1","Pijama Lupo KM Manga Longa - Lupo","33","333","Indexable",""
"https://www.lupo.com.br/produtos/meias/soquetes","1","Soquetes - Lupo","15","144","Indexable",""
"https://www.lupo.com.br/pijama-curto-km-dino-20614-001-outlet/p","1","Pijama Infantil Curto Dino Wild para Meninos - Lupo","51","459","Indexable",""
"https://www.lupo.com.br/pijama-curto-km-lupo-natal-cats-20673-900/p","1","Pijama Curto Infantil Masculino Natal coleção Cats - Lupo","57","513","Indexable",""
"https://www.lupo.com.br/pijama-lupo-km-longo-dinos-20646-001/p","1","Pijama Lupo KM Longo Dinos - Lupo","33","322","Indexable",""
"https://www.lupo.com.br/feminino/calcinhas/tanga","1","Calcinha Tanga: Modelo Que se Adapta ao Corpo | Lupo","52","494","Indexable",""
"https://www.lupo.com.br/pijama-lupo-km-curto-20631-001/p","1","Pijama Lupo KM Curto - Lupo","27","261","Indexable",""
"https://www.lupo.com.br/produtos/pijamas/kids/curtos/masculino?initialMap=c,c,specificationFilter_30,specificationFilter_27&initialQuery=/produtos/pijamas/Masculino/Adulto&map=category-1,category-2,faixa-etaria,modelo,genero","1","Pijamas - Lupo","14","133","Non-Indexable","Canonicalised"
"https://www.lupo.com.br/pijama-curto-km-recortes-20608-001/p","1","Pijama Curto Masculino Infantil com Detalhes de Recortes - Lupo","63","579","Indexable",""
"https://www.lupo.com.br/produtos/pijamas/kids/longos/masculino?initialMap=c,c,specificationFilter_30,specificationFilter_27&initialQuery=/produtos/pijamas/Masculino/Adulto&map=category-1,category-2,faixa-etaria,modelo,genero","1","Pijamas - Lupo","14","133","Non-Indexable","Canonicalised"
"https://www.lupo.com.br/pijama-lupo-km-longo-moletinho-20647-001/p","1","Pijama Lupo KM Longo Moletinho - Lupo","37","361","Indexable",""
"https://www.lupo.com.br/sunga-lupo-km-recorte-28964-002/p","1","Sunga Lupo Recorte Com Costura Infantil - Lupo","46","428","Indexable",""
"https://www.lupo.com.br/sunga-lupo-estampada-28965-007/p","1","Sunga Lupo Estampada - Com Costura - Infantil - Lupo","52","482","Indexable",""
"https://www.lupo.com.br/sunga-lupo-boxer-recorte-28981-002/p","1","Sunga Lupo Boxer Recorte Infantil - Lupo","40","362","Indexable",""
"https://www.lupo.com.br/meninos/beachwear/shorts","1","Shorts - Lupo","13","118","Indexable",""
"https://www.lupo.com.br/sunga-lupo-boxer-estampada-28968-007/p","1","Sunga Lupo Boxer Estampa - Com Costura - Infantil - Lupo","56","516","Indexable",""
"https://www.lupo.com.br/short-magic-print-beachwear-lupo-kids-29008-001/p","1","Short Magic Print Beachwear Lupo Kids - Lupo","44","412","Indexable",""
"https://www.lupo.com.br/sunga-lupo-boxer-lisa-28966-001/p","1","Sunga Boxer Lisa Infantil para Piscina e Lazer - Lupo","53","467","Indexable",""
"https://www.lupo.com.br/sunga-lupo-lisa-28963-001/p","1","Sunga Infantil Lisa Lupo - Lupo","31","274","Indexable",""
"https://www.lupo.com.br/produtos/beachwear","1","Lupo Beachwear: Muito mais do que moda praia - Lupo","51","489","Indexable",""
"https://www.lupo.com.br/meia-lupo-km-basica-kit2-02830-088/p","1","Meia Lupo KM Basica Kit2 - Lupo","31","293","Indexable",""
"https://www.lupo.com.br/meninos/meias/urban","1","Meias URBAN KIDS Estampas divertidas para Meninos","49","484","Indexable",""
"https://www.lupo.com.br/meninos/meias/soquete","1","Meias Soquete Infantil para Meninos: Conforto no Dia a Dia","58","525","Indexable",""
"https://www.lupo.com.br/meninos/meias/esportivas","1","Meias Esportivas Infantis Confortáveis para Meninos","51","469","Indexable",""
"https://www.lupo.com.br/produtos/cuecas","1","Cuecas Masculinas Lupo: Boxer, Slip, Sunga, Samba Canção - Lupo","63","593","Indexable",""
"https://www.lupo.com.br/meia-lupo-km-sport-02725-005/p","1","Meia Esportiva Algodão com Elastano Cano Baixo - Lupo","53","501","Indexable",""
"https://www.lupo.com.br/produtos/cuecas/boxer","1","Boxer - Lupo","12","111","Indexable",""
"https://www.lupo.com.br/meia-disney-kf-filme-moana-2-02256-001/p","1","Meia Disney Kids Feminina Filme Moana 2 - Lupo","46","437","Indexable",""
"https://www.lupo.com.br/produtos/pijamas/curtos","1","Curtos - Lupo","13","119","Indexable",""
"https://www.lupo.com.br/meninas/meias/cano-invisivel","1","Meia Infantil Feminina Cano Invisível| Lupo","43","381","Indexable",""
"https://www.lupo.com.br/meia-smurfs-kf-14050-002/p","1","Meia Smurfs KF - Lupo","21","203","Indexable",""
"https://www.lupo.com.br/meninas/meias/urban","1","Meias URBAN KIDS Estampas Divertidas para Meninas","49","486","Indexable",""
"https://www.lupo.com.br/meia-lupo-ku-02835-005/p","1","Meia Lupo KU - Lupo","19","184","Indexable",""
"https://www.lupo.com.br/meninas/meias/com-solado","1","Meias com Solado para Meninas: Segurança e Estilo","49","465","Indexable",""
"https://www.lupo.com.br/meninas/meias/soquete","1","Meia Soquete Feminina Infantil Confortável","42","387","Indexable",""
"https://www.lupo.com.br/meninas/meias/cano-medio","1","Meia Infantil Feminina Cano Médio | Lupo","40","369","Indexable",""
"https://www.lupo.com.br/meia-lupo-kf-aplicativo-02685-012/p","1","Meia Lupo KF Aplicativo - Lupo","30","275","Indexable",""
"https://www.lupo.com.br/meninas/meias/sapatilha","1","Meia Infantil Feminina Sapatilha | Lupo","39","347","Indexable",""
"https://www.lupo.com.br/meninas/meia-calca","1","Moda Infantil - Meia-calça  em até 3x | Lupo","44","383","Indexable",""
"https://www.lupo.com.br/meninas/meias/cano-curto","1","Meia Infantil Feminina Cano Curto | Lupo","40","363","Indexable",""
"https://www.lupo.com.br/meia-lupo-ku-home-socks-02940-015/p","1","Meia Lupo KU Home Socks - Lupo","30","301","Indexable",""
"https://www.lupo.com.br/meninas/meias/cano-longo","1","Meia Infantil Feminina Cano Longo | Lupo","40","369","Indexable",""
"https://www.lupo.com.br/calcinha-disney-kf-frozen-kit3-18202-089/p","1","Kit com 3 Calcinhas Infantis Frozen Disney Lupo - Lupo","54","488","Indexable",""
"https://www.lupo.com.br/produtos/lingerie/kit-com-3","1","Kit com 3 Calcinhas Infantis | Lupo - Lupo","42","368","Indexable",""
"https://www.lupo.com.br/top-lobinha-kf-sc-18700-001/p","1","Top Infantil Sem Bojo Microfibra Uni Faixa Leve e Prático - Lupo","64","567","Indexable",""
"https://www.lupo.com.br/calcinha-disney-kf-princesas-k3-18201-089/p","1","Kit com 3 Calcinhas Infantis Princesas Disney Lupo - Lupo","57","515","Indexable",""
"https://www.lupo.com.br/calcinha-lobinha-kf-estampada-k3-18110-089/p","1","Calcinha Lobinha KF Estampada K3 - Lupo","39","377","Indexable",""
"https://www.lupo.com.br/calcinha-lobinha-kf-basica-kit3-18102-089/p","1","Kit 3 Calcinhas Infantis Básicas Lobinha - Lupo","47","415","Indexable",""
"https://www.lupo.com.br/produtos/lingerie","1","Lingerie - Lupo","15","132","Indexable",""
"https://www.lupo.com.br/feminino/sutia/top","1","Sutiã Top: Peças Básicas Com Bojo Removível e Mais! | Lupo","58","541","Indexable",""
"https://www.lupo.com.br/produtos/pijamas/kids/longos/feminino?initialMap=c,c,specificationFilter_30,specificationFilter_27&initialQuery=/produtos/pijamas/Masculino/Adulto&map=category-1,category-2,faixa-etaria,modelo,genero","1","Pijamas - Lupo","14","133","Non-Indexable","Canonicalised"
"https://www.lupo.com.br/produtos/pijamas/longos","1","Longos - Lupo","13","125","Indexable",""
"https://www.lupo.com.br/pijama-lupo-kf-moletom-22622-001/p","1","Pijama Lupo KF Moletom - Lupo","29","286","Indexable",""
"https://www.lupo.com.br/produtos/pijamas/kids/curtos/feminino?initialMap=c,c,specificationFilter_30,specificationFilter_27&initialQuery=/produtos/pijamas/Masculino/Adulto&map=category-1,category-2,faixa-etaria,modelo,genero","1","Pijamas - Lupo","14","133","Non-Indexable","Canonicalised"
"https://www.lupo.com.br/pijama-lupo-kf-shdoll-cachorrinho-22621-001/p","1","Pijama Lupo KF Sh.Doll Cachorrinho - Lupo","41","381","Indexable",""
"https://www.lupo.com.br/pijama-lupo-kf-florido-22611-001/p","1","Pijama Infantil Feminino Curto com Estampa Florida - Lupo","57","526","Indexable",""
"https://www.lupo.com.br/pijama-curto-kf-lupo-dolce-vita-22674-900/p","1","Pijama Curto Infantil Feminino La Dolce Vita - Lupo","51","455","Indexable",""
"https://www.lupo.com.br/pijama-curto-kf-lupo-natal-cats-22673-900/p","1","Pijama Infantil para Meninas Natal Coleção Cats - Lupo","54","492","Indexable",""
"https://www.lupo.com.br/produtos/meias/uau","1","Meias UAU Lupo: Mais cores, mais estampas, mais vida - Lupo","59","556","Indexable",""
"https://www.lupo.com.br/produtos/meias/classicas","1","Clássicas - Lupo","16","145","Indexable",""
"https://www.lupo.com.br/produtos/meias","1","Meia Soquete e Esportiva - Diversas opções em até 3x s/ juros | Lupo - Lupo","75","674","Indexable",""
"https://www.lupo.com.br/produtos/meias/esportivas","1","Meia Soquete e Esportiva - Diversas opções em até 3x s/ juros | Lupo - Lupo","75","674","Indexable",""
"https://www.lupo.com.br/produtos/d","1","Produtos - Lupo","15","141","Non-Indexable","Canonicalised"
"https://www.lupo.com.br/produtos/pijamas/pijamas","1","Pijamas - Lupo","14","133","Indexable",""
"https://www.lupo.com.br/produtos/pijamas","1","Pijamas - Lupo","14","133","Indexable",""
